id,smarts,ni_ids
0,[#6:1]1=[#6:2]-[#7:3]-[#6:4]=[#6:5]-[#6:6]-1.[#6:7]=[#6:8]-[#6:9]=[#6:10]>>[#6:10]-[#6:9]=[#6:8]-[#6:7].[#6:1]1:[#6:6]:[#6:5]:[#6:4]:[#7+:3]:[#6:2]:1,['rule0631']
1,[#6:1]-[#16+:2].[#7:3]:[#6:4]-[#7:5]>>[#16+0:2].[#6:1]-[#7:3]:[#6:4]=[#7:5],['rule0422']
2,[#6:1]-[#7+:2]:[#6:3].[#6:4]=[#8:5].[#8:6]>>[#6:1]-[#8:6].[#7+0:2]:[#6:3]-[#6:4]-[#8:5],['rule0813']
3,[#6:1]-[#8:2].[#6:3]=[#8:4]>>[#6:1]-[#6:3].[#8:2]=[#8:4],['rule0443']
4,([#8:1].[#6:2]-[#8:3]).[#6:4]=[#6:5]-[#8:6].[#8:7]>>([#8:3].[#6:2]-[#6:4]-[#6:5](-[#8:1])-[#8:7]).[#8:6],['rule0286']
5,[#6:1]-[#8:2]-[#6:3]-[#7:4].[#8:5]>>[#6:1]-[#8:5].[#6:3]=[#8:2].[#7:4],"['rule0735', 'rule1224']"
6,[#6:1]-[#8:2].[#6:3]1:[#6:4]:[#6:5]:[#6:6]:[#7+:7]:[#6:8]:1.[#8:9]>>[#6:1].[#6:3]1=[#6:8]-[#7+0:7]-[#6:6]=[#6:5]-[#6:4]-1.[#8:2]=[#8:9],['rule0005']
7,([#7:1].[#6:2]-[#8:3]).[#8:4]-[#15:5]>>[#6:2]-[#7:1].[#8:4].[#8:3]-[#15:5],['rule0346']
8,[#6:1]1:[#6:2]:[#6:3]:[#6:4]:[#7+:5]:[#6:6]:1.[#8:7]=[#6:8]-[#7:9]-[#6:10]=[#6:11]-[#6:12]-[#6:13]=[#8:14]>>[#6:12]1:[#6:11]:[#6:10]:[#7:9]:[#6:8]:[#6:13]:1.[#6:1]1=[#6:6]-[#7+0:5]-[#6:4]=[#6:3]-[#6:2]-1.[#8:14]=[#8:7],['rule0688']
9,([#6:1].[#8:2]).[#6:3]1:[#6:4]:[#6:5]:[#6:6]:[#7+:7]:[#6:8]:1>>[#6:1]-[#8:2].[#6:3]1=[#6:8]-[#7+0:7]-[#6:6]=[#6:5]-[#6:4]-1,['rule0107']
10,[#6:1]-[#8:2].[#8:3]>>[#6:1].[#8:2]-[#8:3],['rule1164']
11,[#16:1]-[#16:2].[#6:3]>>[#16:1].[#6:3]-[#16:2],['rule0360']
12,[#6:1]1:[#6:2]:[#6:3]:[#6:4]:[#7+:5]:[#6:6]:1.[#6:7]=[#8:8].[#7:9].[#8:10]>>[#6:7]-[#7+:9].[#6:1]1=[#6:6]-[#7+0:5]-[#6:4]=[#6:3]-[#6:2]-1.[#8:10]=[#8:8],['rule0488']
13,[#6:1]=[#6:2]-[#6:3]-[#6:4]-[#6:5]-[#6:6]=[#6:7].[#8:8]>>([#6:3]=[#6:2]-[#6:1]-[#8:8].[#6:7]-[#6:6]-[#6:5]=[#6:4]),['rule1199']
14,([#7:1].[#6:2]-[#8:3]).[#8:4].[#8:5]-[#15:6]>>[#6:2]-[#7:1].[#8:3].[#8:5].[#8:4]-[#15:6],['rule0736']
15,[#6:1]-[#7:2].[#7:3]>>([#7:2].[#6:1]-[#7:3]),['rule0804']
16,[#6:1]=[#6:2]-[#16:3]>>[#6:1]-[#6:2]=[#16+:3],['rule0862']
17,[#16:1].[#6:2]1=[#6:3]-[#7:4]-[#6:5]=[#6:6]-[#6:7]-1.[#8:8]=[#8:9]>>[#6:2]1:[#6:7]:[#6:6]:[#6:5]:[#7+:4]:[#6:3]:1.[#8:8].[#8:9]=[#16:1],['rule0214']
18,([#6:1]=[#6:2].[#6:3]=[#6:4]-[#6:5]-[#8:6]).[#8:7]>>[#6:1]1-[#6:2]-[#6:5]-[#6:4]-[#6:3]-[#8:7]-1.[#8:6],['rule1140']
19,([#6:1].[#6:2]=[#6:3]-[#6:4]-[#8:5].[#6:6]=[#6:7]-[#6:8])>>[#6:1]-[#6:2]-[#6:3]-[#6:4]-[#6:6]-[#6:7]=[#6:8].[#8:5],['rule0617']
20,[#6:1]-[#8:2].[#6:3]=[#8:4].[#6:5]=[#8:6].[#8:7]-[#16:8]>>[#6:3]-[#16:8]=[#8:7].[#6:1]-[#6:5]-[#8:6].[#8:2]=[#8:4],['rule1211']
21,[#8:1].[#8:2]=[#6:3]-[#6:4]-[#6:5]-[#8:6]>>([#6:5]=[#8:6].[#8:1]-[#6:4]-[#6:3]-[#8:2]),['rule0728']
22,([#8:1].[#8:2]-[#6:3]=[#8:4]).[#6:5]1=[#6:6]-[#7:7]-[#6:8]=[#6:9]-[#6:10]-1>>([#8:2].[#8:1]-[#6:3]-[#8:4]).[#6:5]1:[#6:10]:[#6:9]:[#6:8]:[#7+:7]:[#6:6]:1,['rule0470']
23,[#6:1]=[#8:2].[#6:3]=[#8:4]>>[#6:1]=[#6:3].[#8:2]=[#8:4],['rule0117']
24,[#6:1]1:[#6:2]:[#6:3]:[#6:4]:[#7+:5]:[#6:6]:1.[#7:7]-[#8:8].[#8:9]>>[#6:1]1=[#6:6]-[#7+0:5]-[#6:4]=[#6:3]-[#6:2]-1.[#7:7].[#8:8]=[#8:9],['rule0133']
25,[#6:1]1=[#6:2]-[#7:3]-[#6:4]=[#6:5]-[#6:6]-1.[#6:7]=[#6:8]-[#6:9]-[#8:10]>>[#6:7]-[#6:8]=[#6:9].[#6:1]1:[#6:6]:[#6:5]:[#6:4]:[#7+:3]:[#6:2]:1.[#8:10],['rule0878']
26,[#6:1]-[#8:2]-[#6:3]-[#8:4]>>([#6:1]-[#8:4].[#6:3]=[#8:2]),['rule0772']
27,[#6:1]-[#6:2]1(-[#8:3])-[#6:4]-[#6:5]-[#6:6]-[#6:7]-1.[#8:8]>>([#6:4]=[#6:5].[#6:6]-[#6:7]=[#6:2]-[#6:1]-[#8:8]).[#8:3],['rule1107']
28,[#6:1]1-[#6:2]-[#8:3]-1.[#8:4]-[#6:5]=[#6:6]-[#8:7]>>[#6:1]=[#6:2].[#8:3].[#8:4]=[#6:5]-[#6:6]=[#8:7],['rule0965']
29,[#6:1].[#6:2]-[#16:3]>>[#16:3].[#6:1]-[#6:2],"['rule0087', 'rule0276', 'rule0350', 'rule1072']"
30,([#6:1]-[#8:2].[#6:3]-[#6:4]=[#8:5])>>[#6:1]-[#8:5]-[#6:4]=[#6:3].[#8:2],['rule0138']
31,[#6:1]-[#6:2]-[#6:3]=[#6:4].[#8:5]>>[#6:1].[#6:2]=[#6:3]-[#6:4]-[#8:5],['rule0635']
32,[#16:1].[#6:2].[#6:3]1:[#6:4]:[#6:5]:[#6:6]:[#7+:7]:[#6:8]:1>>[#6:2]-[#16:1].[#6:3]1=[#6:8]-[#7+0:7]-[#6:6]=[#6:5]-[#6:4]-1,"['rule0142', 'rule1169']"
33,([#8:1].[#8:2]-[#15:3])>>([#8:2].[#8:1]-[#15:3]),['rule0129']
34,[#6:1]-[#7:2].[#6:3]-[#8:4]>>[#6:3]-[#7:2].[#6:1]-[#8:4],['rule0361']
35,([#7:1].[#6:2]=[#8:3])>>[#6:2]=[#7+:1].[#8:3],['rule0339']
36,([#6:1]-[#8:2].[#6:3]-[#16:4])>>([#6:3]-[#8:2].[#6:1]-[#16:4]),['rule0893']
37,[#6:1]-[#6:2]=[#6:3]-[#6:4].[#8:5]=[#8:6]>>[#6:1]=[#6:2]-[#6:3]=[#6:4].[#8:5]-[#8:6],['rule0609']
38,[#6:1]-[#6:2]=[#8:3].[#8:4]-[#16:5]>>[#8:4]=[#16:5]-[#6:1]-[#6:2]-[#8:3],['rule1121']
39,[#6:1]-[#6:2]-[#6:3]1-[#6:4]-[#6:5]-[#6:6]-[#6:7]=[#6:8]-1.[#8:9]>>([#6:1]=[#6:2].[#6:4]-[#6:3]-[#6:8]-[#6:7]=[#6:6]-[#6:5]-[#8:9]),['rule0455']
40,([#6:1]=[#6:2].[#6:3]-[#8:4])>>[#6:1]1-[#6:2]-[#6:3]-1.[#8:4],['rule0397']
41,[#6:1]-[#7+:2].[#7:3]>>([#7+0:2].[#6:1]-[#7+:3]),['rule0623']
42,[#6:1]-[#6:2]-[#7:3]>>[#6:1]=[#6:2].[#7:3],"['rule0244', 'rule0302']"
43,([#8:1].[#6:2]1=[#7:3]-[#6:4]:[#6:5]-[#7:6]-[#6:7]-1).[#8:8]=[#6:9]-[#8:10]>>[#8:8].[#8:1]-[#6:7](-[#6:2]-[#8:10])-[#7:6]1:[#6:5]:[#6:4]:[#7:3]:[#6:9]:1,['rule1068']
44,([#6:1].[#8:2].[#6:3]=[#6:4]).[#8:5]=[#8:6]>>[#6:1]-[#6:3]-[#6:4]-[#8:2].[#8:5]-[#8:6],['rule1187']
45,[#8:1].[#8:2]-[#6:3]1:[#6:4]:[#6:5]:[#6:6]:[#6:7]:[#6:8]:1>>[#8:2]=[#6:3]1-[#6:4]-[#6:5](-[#8:1])-[#6:6]-[#6:7]=[#6:8]-1,['rule1060']
46,[#6:1]-[#6:2]=[#7:3].[#8:4]>>[#7:3]-[#6:2]-[#6:1]-[#8:4],['rule0659']
47,[#6:1]-[#16+:2].[#6:3]-[#8:4]>>[#16+0:2].[#6:1].[#6:3]=[#8:4],['rule0884']
48,[#6:1]1:[#6:2]:[#6:3]:[#6:4]:[#8:5]:[#6:6]:1.[#8:7]>>[#8:7]-[#6:4]1-[#6:3]-[#6:2]-[#6:1]:[#6:6]-[#8:5]-1,['rule0375']
49,[#6:1]-[#6:2]=[#6:3]-[#6:4]=[#8:5].[#6:6]1=[#6:7]-[#7:8]-[#6:9]=[#6:10]-[#6:11]-1>>[#6:10]1:[#6:11]:[#6:6]:[#6:7]:[#7+:8]:[#6:9]:1.[#6:1]=[#6:2]-[#6:3]-[#6:4]-[#8:5],['rule0678']
50,[#6:1]-[#8:2].[#6:3]=[#8:4].[#6:5]=[#8:6].[#8:7]>>[#6:1]-[#8:4]-[#6:3]-[#6:5]-[#8:6].[#8:2]-[#8:7],['rule0934']
51,([#6:1]=[#6:2]-[#6:3]=[#6:4]-[#6:5].[#8:6]-[#8:7])>>[#6:5]=[#6:4]-[#6:3]=[#6:2]-[#6:1]-[#8:6].[#8:7],['rule0442']
52,[#7:1].[#8:2]=[#6:3]-[#8:4]>>[#6:3]#[#7:1].[#8:2].[#8:4],['rule0242']
53,[#6:1]-[#6:2]=[#6:3].[#6:4]-[#8:5].[#6:6]=[#6:7]-[#6:8]-[#6:9]-[#8:10]>>[#6:1]=[#6:2]-[#6:3]-[#6:9]-[#6:8]=[#6:7]-[#6:6]-[#6:4].[#8:10].[#8:5],['rule1104']
54,[#7:1]-[#6:2]-[#6:3]-[#7:4].[#8:5]>>[#6:2]-[#6:3]=[#8:5].[#7:1].[#7:4],['rule1038']
55,[#6:1]1=[#6:2]-[#7:3]-[#6:4]=[#6:5]-[#6:6]-1.[#6:7]=[#7+:8]>>[#6:7]-[#7+0:8].[#6:1]1:[#6:6]:[#6:5]:[#6:4]:[#7+:3]:[#6:2]:1,['rule0331']
56,[#6:1]-[#6:2]-[#16:3].[#6:4]=[#8:5].[#8:6].[#8:7]-[#15:8]>>[#16:3].[#8:6]-[#15:8].[#8:5]-[#6:4]-[#6:1]-[#6:2]-[#8:7],['rule1048']
57,[#6:1]-[#7+:2].[#8:3].[#8:4]=[#8:5]>>[#6:1]=[#8:3].[#7+0:2].[#8:4]-[#8:5],['rule1084']
58,[#6:1]1:[#6:2]:[#6:3]:[#7:4]:[#6:5]:[#6:6]:1.[#6:7]1=[#6:8]-[#7:9]-[#6:10]=[#6:11]-[#6:12]-1.[#8:13]=[#8:14]>>[#6:11]1:[#6:12]:[#6:7]:[#6:8]:[#7+:9]:[#6:10]:1.[#8:13]=[#6:3]-[#7:4]-[#6:5]=[#6:6]-[#6:1]-[#6:2]=[#8:14],['rule0687']
59,[#6:1]-[#7:2].[#8:3].[#8:4]-[#15:5]>>([#7:2].[#6:1]-[#8:4]).[#8:3]-[#15:5],['rule0345']
60,([#8:1].[#6:2]-[#8:3])>>([#6:2].[#8:1]-[#8:3]),['rule0589']
61,[#6:1]-[#6:2](-[#8:3])-[#6:4]-[#8:5].[#7:6]>>[#7:6]-[#6:4]-[#6:2]-[#6:1]-[#8:3].[#8:5],['rule1025']
62,[#6:1]-[#7:2].[#6:3]=[#8:4]>>[#6:3]-[#7:2].[#6:1]=[#8:4],"['rule0030', 'rule0031', 'rule0065']"
63,([#16:1].[#16:2]).[#6:3]1:[#6:4]:[#6:5]:[#6:6]:[#7+:7]:[#6:8]:1>>[#16:1]-[#16:2].[#6:3]1=[#6:8]-[#7+0:7]-[#6:6]=[#6:5]-[#6:4]-1,['rule0203']
64,[#16:1].[#16:2].[#16:3]-[#16:4]>>[#16:3].[#16:4].[#16:1]-[#16:2],['rule0272']
65,[#6:1]-[#7+:2].[#7:3]>>[#6:1]-[#7+:3].[#7+0:2],['rule0516']
66,[#6:1]-[#6:2]-[#6:3]=[#8:4].[#6:5]1=[#6:6]-[#7:7]-[#6:8]=[#6:9]-[#6:10]-1>>[#6:1]-[#6:3](-[#6:2])-[#8:4].[#6:5]1:[#6:10]:[#6:9]:[#6:8]:[#7+:7]:[#6:6]:1,['rule0348']
67,[#6:1]-[#8:2].[#8:3]=[#6:4]1-[#6:5]=[#6:6]-[#6:7](=[#8:8])-[#6:9]=[#6:10]-1>>[#6:1]=[#8:2].[#8:3]-[#6:4]1:[#6:10]:[#6:9]:[#6:7](-[#8:8]):[#6:6]:[#6:5]:1,['rule0467']
68,([#8:1].[#6:2]=[#6:3]-[#6:4]-[#8:5])>>[#6:4]=[#6:3]-[#6:2]-[#8:1].[#8:5],['rule0851']
69,[#16:1]-[#16:2].[#8:3].[#8:4]>>[#16:1].[#16:2].[#8:3]-[#8:4],['rule0792']
70,[#6:1]1=[#6:2]-[#7:3]-[#6:4]=[#6:5]-[#6:6]-1.[#6:7]:[#6:8]1:[#6:9]:[#6:10]:[#6:11]:[#7:12]:1.[#8:13]=[#8:14]>>[#6:1]1:[#6:6]:[#6:5]:[#6:4]:[#7+:3]:[#6:2]:1.[#7:12]-[#6:11]:[#6:10]-[#6:9]:[#6:8](-[#8:13]):[#6:7]-[#8:14],['rule1120']
71,[#6:1]-[#8:2].[#8:3]-[#16:4]>>[#6:1]-[#16:4]=[#8:3].[#8:2],['rule0740']
72,[#6:1]-[#6:2]-[#6:3]-[#6:4]-[#6:5]-[#6:6]-[#6:7]-[#6:8]-[#6:9]-[#6:10]-[#6:11]-[#6:12]-[#8:13]>>([#6:12]=[#6:11].[#6:1]=[#6:2].[#6:8]=[#6:7].[#6:10]=[#6:9].[#6:3]=[#6:4].[#6:5]=[#6:6]).[#8:13],['rule0861']
73,([#8:1].[#8:2]-[#6:3]-[#6:4](-[#8:5])-[#6:6](-[#8:7])-[#6:8]=[#8:9])>>([#8:2].[#6:3]=[#6:4]-[#6:6](=[#8:7])-[#6:8](-[#8:1])-[#8:9]).[#8:5],['rule0897']
74,[#6:1].[#8:2].[#8:3]=[#8:4]>>[#6:1]-[#8:2].[#8:3]-[#8:4],['rule0145']
75,[#16:1]-[#16:2].[#6:3]1:[#6:4]-[#7:5]-[#6:6]:[#6:7]-[#7:8]-1>>[#16:1].[#16:2].[#6:3]1:[#6:4]:[#7:5]:[#6:6]:[#6:7]:[#7:8]:1,['rule1016']
76,[#16:1].[#6:2]-[#7:3]>>[#6:2]-[#16:1].[#7:3],"['rule0041', 'rule0075', 'rule0284']"
77,[#6:1]=[#6:2].[#8:3]-[#6:4]1:[#6:5]:[#6:6]:[#6:7](-[#8:8]):[#6:9]:[#6:10]:1>>[#6:1]-[#6:2].[#8:3]=[#6:4]1-[#6:10]=[#6:9]-[#6:7](=[#8:8])-[#6:6]:[#6:5]-1,['rule0412']
78,[#6:1].[#6:2]-[#8:3].[#8:4]-[#15:5]>>[#6:1]-[#6:2].[#8:4].[#8:3]-[#15:5],['rule0356']
79,[#6:1].[#8:2]-[#8:3]>>[#6:1]-[#8:2].[#8:3],['rule1165']
80,[#16:1].[#6:2]-[#7:3]:[#6:4]=[#7:5]>>[#6:2]-[#16+:1].[#7:3]:[#6:4]-[#7:5],['rule0421']
81,[#6:1]-[#16+:2].[#8:3]-[As:4]>>[#16+0:2].[#6:1]-[As:4]=[#8:3],['rule0710']
82,[#6:1]-[#6:2]-[#6:3]=[#6:4].[#8:5]>>([#6:1].[#6:2]=[#6:3]-[#6:4]-[#8:5]),['rule0509']
83,[#6:1]1:[#6:2]:[#6:3]:[#7:4]:[#6:5]:1.[#8:6]=[#8:7]>>[#8:6]=[#6:1]-[#6:2]:[#6:3]-[#7:4]-[#6:5]=[#8:7],['rule0403']
84,[#6:1]1=[#6:2]-[#7:3]-[#6:4]=[#6:5]-[#6:6]-1.[#8:7]-[#6:8]1:[#6:9]:[#6:10]:[#6:11]:[#6:12]:[#6:13]:1.[#8:14]=[#8:15]>>[#6:1]1:[#6:6]:[#6:5]:[#6:4]:[#7+:3]:[#6:2]:1.[#8:14].[#8:7]=[#6:8]1-[#6:13]=[#6:12]-[#6:11](-[#8:15])-[#6:10]:[#6:9]-1,['rule0395']
85,[#6:1]-[#16:2].[#8:3]>>[#16:2].[#6:1]-[#8:3],"['rule0022', 'rule0060', 'rule0062', 'rule0090', 'rule0196', 'rule0253', 'rule0722', 'rule0807', 'rule1022']"
86,[#8:1].[#8:2]-[#16:3]>>[#16:3].[#8:1]-[#8:2],['rule1173']
87,[#6:1]-[#16:2].[#6:3]-[#8:4]>>[#6:3]-[#16:2].[#6:1]-[#8:4],"['rule0079', 'rule0151', 'rule0152']"
88,[#16:1]-[#16:2].[#6:3]1=[#6:4]-[#7:5]-[#6:6]=[#6:7]-[#6:8]-1>>[#16:1].[#16:2].[#6:3]1:[#6:8]:[#6:7]:[#6:6]:[#7+:5]:[#6:4]:1,"['rule0293', 'rule1054']"
89,[#6:1]=[#6:2]1-[#6:3]-[#6:4]-[#6:5]-[#6:6]-[#6:7]-1.[#8:8]>>([#6:3]=[#6:2]-[#6:7].[#6:1]-[#6:4]=[#6:5]-[#6:6]-[#8:8]),['rule0598']
90,[#6:1]1:[#6:2]:[#6:3]:[#6:4]:[#6:5]:[#6:6]:1.[#8:7]>>[#8:7]-[#6:1]1-[#6:2]-[#6:3]=[#6:4]-[#6:5]=[#6:6]-1,['rule1085']
91,[#6:1]1:[#6:2]:[#6:3]:[#6:4]:[#7+:5]:[#6:6]:1.[#8:7].[#8:8]=[#6:9]1-[#6:10]=[#6:11]-[#6:12](-[#8:13])-[#6:14]:[#6:15]-1>>[#6:1]1=[#6:6]-[#7+0:5]-[#6:4]=[#6:3]-[#6:2]-1.[#8:8]-[#6:9]1:[#6:10]:[#6:11]:[#6:12]:[#6:14]:[#6:15]:1.[#8:13]=[#8:7],['rule1046']
92,[#6:1]=[#6:2]-[#6:3]=[#6:4]-[#6:5]-[#8:6].[#8:7]>>([#6:5]=[#6:4]-[#6:3]=[#6:2]-[#6:1].[#8:6]-[#8:7]),['rule0441']
93,([#8:1].[#6:2]=[#6:3].[#6:4]=[#6:5]-[#6:6]-[#8:7])>>([#8:7].[#8:1]-[#6:5]1-[#6:4]-[#6:2]-[#6:3]-[#6:6]-1),['rule1141']
94,[#6:1]-[#6:2]-[#6:3]-[#8:4].[#8:5]-[#8:6]>>([#6:1].[#8:4].[#6:2]=[#6:3]).[#8:5]=[#8:6],['rule1186']
95,([#8:1]-[#15:2].[#6:3]1=[#7:4]-[#6:5]:[#6:6]-[#7:7]-[#6:8]-1).[#8:9]-[#15:10]-[#8:11].[#8:12]=[#6:13]-[#8:14]>>([#8:1]-[#6:8](-[#6:3]-[#8:11])-[#7:7]1:[#6:6]:[#6:5]:[#7:4]:[#6:13]:1.[#8:14]-[#15:10]-[#8:9]-[#15:2]).[#8:12],['rule1101']
96,[#6:1]-[#6:2]-[#8:3].[#6:4]-[#8:5].[#8:6]=[#8:7]>>[#6:1]-[#8:6].[#6:2]=[#8:3].[#6:4]=[#8:7].[#8:5],['rule0233']
97,[#6:1]=[#7:2].[#8:3]-[#6:4]1:[#6:5]:[#6:6]:[#6:7](-[#8:8]):[#6:9]:[#6:10]:1>>[#6:1]-[#7:2].[#8:3]=[#6:4]1-[#6:10]=[#6:9]-[#6:7](=[#8:8])-[#6:6]=[#6:5]-1,['rule0832']
98,[#6:1]-[#6:2]=[#8:3]>>[#6:1]=[#6:2]-[#8:3],['rule0153']
99,([#6:1]=[#6:2].[#6:3]=[#6:4]-[#6:5]-[#6:6]-[#6:7](-[#6:8])=[#6:9]-[#6:10]-[#8:11])>>[#6:1]-[#6:2]-[#6:6]1-[#6:5]2-[#6:7](=[#6:8])-[#6:9]-[#6:10]-[#6:4]-1-2-[#6:3].[#8:11],['rule1191']
100,[#6:1]-[#8:2].[#8:3]-[#8:4]>>[#6:1].[#8:2].[#8:3]=[#8:4],['rule0147']
101,([#6:1].[#8:2]).[#8:3]=[#8:4]>>[#6:1]-[#8:2].[#8:3]-[#8:4],['rule0682']
102,([#6:1]-[#8:2].[#6:3]=[#8:4])>>[#6:1]-[#8:4]-[#6:3]-[#8:2],['rule0771']
103,[#6:1]-[#8:2].[#7:3]>>[#6:1]-[#7:3].[#8:2],"['rule0012', 'rule0055', 'rule0098', 'rule0123', 'rule0163', 'rule0194', 'rule0429']"
104,[#6:1]-[#6:2]=[#6:3].[#8:4]>>([#6:1]=[#6:2].[#6:3]-[#8:4]),['rule0492']
105,[#16:1].[#6:2]-[#7:3].[#6:4]-[#8:5]>>[#6:2]-[#16:1].[#6:4]-[#7:3].[#8:5],['rule0714']
106,[#6:1]=[#6:2]-[#6:3]=[#6:4]1-[#6:5]-[#8:6]-1>>[#8:6]=[#6:4]1-[#6:5]-[#6:1]-[#6:2]=[#6:3]-1,['rule1042']
107,([#6:1].[#6:2]-[#6:3])>>([#6:2].[#6:1]-[#6:3]),['rule0028']
108,[#16:1].[#6:2]-[#16+:3]>>[#16+0:3].[#6:2]-[#16:1],['rule0200']
109,[#6:1]-[#6:2]=[#8:3]>>[#6:1]#[#6:2].[#8:3],['rule0798']
110,[#6:1]1:[#6:2]:[#6:3]:[#6:4]:[#6:5]:[#6:6]:1.[#6:7]1=[#6:8]-[#7:9]-[#6:10]=[#6:11]-[#6:12]-1.[#6:13]=[#8:14]>>[#6:11]1:[#6:12]:[#6:7]:[#6:8]:[#7+:9]:[#6:10]:1.[#8:14]-[#6:13]-[#6:1]1-[#6:2]-[#6:3]=[#6:4]-[#6:5]=[#6:6]-1,['rule0330']
111,[#6:1]-[#8:2].[#8:3]>>([#6:1].[#8:2]-[#8:3]),['rule0671']
112,[#6:1]-[#6:2]-[#6:3]-[#6:4]-[#6:5]-[#6:6]-[#6:7]-[#6:8]-[#6:9]-[#6:10]-[#8:11]>>([#6:3]=[#6:2].[#6:7]=[#6:6].[#6:10]=[#6:1].[#6:5]=[#6:4].[#6:9]=[#6:8]).[#8:11],['rule0620']
113,[#6:1]=[#6:2]-[#6:3].[#6:4]=[#8:5].[#8:6].[#8:7]-[#15:8]>>[#6:1]-[#6:2](-[#8:7])-[#6:3]-[#6:4]-[#8:5].[#8:6]-[#15:8],['rule0780']
114,[#7:1]-[#6:2]-[#6:3]-[#6:4]-[#8:5].[#8:6]>>[#6:4]-[#6:3](-[#8:5])-[#6:2]-[#8:6].[#7:1],['rule1026']
115,[#6:1]-[#16:2]=[#8:3].[#6:4]1=[#6:5]-[#7:6]-[#6:7]=[#6:8]-[#6:9]-1.[#8:10]=[#8:11]>>[#6:4]1:[#6:9]:[#6:8]:[#6:7]:[#7+:6]:[#6:5]:1.[#6:1]=[#8:10].[#8:11].[#8:3]-[#16:2],['rule0976']
116,[#6:1]1:[#6:2]-[#6:3]-[#7:4]-[#6:5]-[#6:6]-1.[#8:7]=[#8:8].[#8:9]=[#8:10]>>[#6:1]1:[#6:2]:[#6:3]:[#7+:4]:[#6:5]:[#6:6]:1.[#8:10]-[#8:9].[#8:7]-[#8:8],['rule0676']
117,[#6:1]=[#7:2].[#8:3]>>[#6:1]=[#8:3].[#7:2],"['rule0161', 'rule0321']"
118,[#6:1]-[#8:2].[#8:3]=[#8:4]>>[#6:1]=[#8:2].[#8:3]-[#8:4],['rule0074']
119,([#8:1].[#6:2]-[#8:3])>>([#8:3].[#6:2]-[#8:1]),['rule0130']
120,([#6:1].[#8:2]-[#8:3])>>[#6:1]-[#8:2].[#8:3],['rule0672']
121,[#6:1]-[#8:2].[#6:3]1-[#6:4]-[#8:5]-1.[#6:6]=[#8:7]>>[#6:1]-[#6:6]-[#8:7].[#6:3]=[#6:4].[#8:2]=[#8:5],['rule0423']
122,[#6:1]1=[#6:2]-[#7:3]-[#6:4]=[#6:5]-[#6:6]-1.[#7:7]=[#6:8]:[#6:9]=[#7:10]>>[#6:1]1:[#6:6]:[#6:5]:[#6:4]:[#7+:3]:[#6:2]:1.[#7:10]-[#6:9]:[#6:8]-[#7:7],['rule1013']
123,([#6:1]-[#6:2]-[#6:3]-[#6:4]=[#6:5].[#6:6]=[#6:7].[#6:8]-[#8:9])>>[#6:1]-[#6:4]1-[#6:5]-[#6:2](-[#6:8])-[#6:3]-1-[#6:6]-[#6:7].[#8:9],['rule0666']
124,[#6:1]-[#16+:2].[#7:3]>>[#16+0:2].[#6:1]-[#7:3],"['rule0034', 'rule0206']"
125,[#6:1].[#8:2]-[#15:3]>>[#6:1]-[#15:3].[#8:2],['rule0551']
126,[#6:1]1:[#6:2]:[#6:3]:[#6:4]:[#7+:5]:[#6:6]:1.[#6:7]=[#8:8].[#7:9].[#8:10]-[#6:11]:[#6:12]-[#8:13]>>[#6:1]1=[#6:6]-[#7+0:5]-[#6:4]=[#6:3]-[#6:2]-1.[#7:9]-[#6:11]:[#6:12]-[#6:7]-[#8:8].[#8:10]=[#8:13],['rule1002']
127,[#6:1]=[#6:2].[#8:3]=[#8:4]>>[#6:1]=[#8:3].[#6:2]=[#8:4],['rule0118']
128,[#6:1]=[#16:2].[#8:3]>>[#16:2].[#6:1]=[#8:3],['rule1181']
129,[#6:1]1:[#6:2]:[#6:3]:[#6:4]:[#7+:5]:[#6:6]:1.[#6:7]=[#8:8].[#8:9].[#8:10]>>[#6:7]-[#8:10].[#6:1]1=[#6:6]-[#7+0:5]-[#6:4]=[#6:3]-[#6:2]-1.[#8:8]=[#8:9],['rule0490']
130,[#6:1]-[#6:2]-[#8:3].[#8:4].[#8:5]=[#6:6]1-[#6:7]:[#6:8]-[#6:9](=[#8:10])-[#6:11]2-[#8:12]-[#6:13]-1-2>>[#6:1].[#6:2]=[#8:3].[#8:10]-[#6:9]1:[#6:11]:[#6:13]:[#6:6](-[#8:5]):[#6:7]:[#6:8]:1.[#8:12]=[#8:4],['rule1106']
131,([#6:1]=[#6:2].[#6:3]=[#6:4].[#6:5]=[#6:6]).[#8:7]>>[#6:1]-[#6:2]-[#6:3]-[#6:4]-[#6:5]-[#6:6]-[#8:7],['rule1127']
132,[#6:1]-[#7+:2].[#8:3]>>[#6:1]-[#8:3].[#7+0:2],"['rule0311', 'rule0519', 'rule0717', 'rule1217']"
133,[#6:1]-[#16+:2].[#6:3]=[#6:4]>>[#16+0:2].[#6:3]-[#6:4]=[#6:1],['rule0546']
134,([#6:1].[#6:2]-[#7:3])>>([#7:3].[#6:1]-[#6:2]),['rule0154']
135,[#16:1]-[#16:2].[#8:3]-[#8:4]>>[#16:1].[#16:2].[#8:3]=[#8:4],['rule0791']
136,[#8:1]-[#6:2]-[#6:3]=[#6:4]-[#6:5]-[#8:6]>>([#6:2]=[#6:3]-[#6:4]=[#6:5].[#8:1]-[#8:6]),['rule0907']
137,[#6:1]-[#8:2].[#8:3].[#8:4]-[#15:5]>>[#6:1]-[#8:3].[#8:4].[#8:2]-[#15:5],['rule0847']
138,[#16:1].[#6:2]-[#6:3]=[#8:4]>>[#8:4]-[#6:3]-[#6:2]-[#16:1],['rule1066']
139,([#8:1].[#6:2]=[#8:3]).[#6:4]-[#6:5]=[#8:6]>>[#8:1]-[#6:5](-[#8:6])-[#6:4]-[#6:2]-[#8:3],['rule0353']
140,[#6:1]-[#8:2].[#6:3]1=[#6:4]-[#7:5]-[#6:6]=[#6:7]-[#6:8]-1>>[#6:1].[#6:3]1:[#6:8]:[#6:7]:[#6:6]:[#7+:5]:[#6:4]:1.[#8:2],"['rule0025', 'rule0268', 'rule0836']"
141,[#6:1]1:[#6:2]:[#6:3]:[#6:4]:[#7+:5]:[#6:6]:1.[#7:7].[#8:8]-[#6:9]:[#6:10]-[#8:11]>>[#6:1]1=[#6:6]-[#7+0:5]-[#6:4]=[#6:3]-[#6:2]-1.[#6:10]:[#6:9]-[#7:7].[#8:11]=[#8:8],['rule0540']
142,([#6:1]=[#6:2].[#6:3]-[#6:4]=[#6:5]-[#6:6]-[#8:7]).[#8:8]>>[#6:6]-[#6:5]1(-[#8:8])-[#6:1]-[#6:2]-[#6:3]-[#6:4]-1.[#8:7],['rule1108']
143,([#6:1].[#7:2]).[#6:3]1:[#6:4]:[#6:5]:[#6:6]:[#7+:7]:[#6:8]:1>>[#6:1]-[#7:2].[#6:3]1=[#6:8]-[#7+0:7]-[#6:6]=[#6:5]-[#6:4]-1,['rule0701']
144,[#6:1]-[#8:2].[#8:3]>>([#8:2].[#6:1]-[#8:3]),"['rule0035', 'rule0231']"
145,[#7:1].[#8:2]-[#16:3]>>[#7:1]-[#16:3].[#8:2],"['rule0776', 'rule1071']"
146,[#8:1]=[#6:2]-[#6:3]=[#6:4]-[#6:5]-[#6:6](=[#8:7])-[#6:8]=[#8:9]>>[#8:7]-[#6:6]1:[#6:5]:[#6:4]:[#6:3]:[#6:2]:[#6:8]:1.[#8:1]=[#8:9],['rule1065']
147,[#6:1]-[#16:2].[#8:3].[#8:4]-[#15:5]>>[#16:2].[#6:1]-[#8:4].[#8:3]-[#15:5],"['rule0038', 'rule0170', 'rule0755']"
148,[#7:1]-[#6:2]=[#7:3].[#8:4].[#8:5]-[#15:6]>>[#7:1].[#7:3]-[#6:2]=[#8:5].[#8:4]-[#15:6],['rule0763']
149,[#7:1]-[#6:2]-[#7:3].[#8:4]>>([#7:1].[#7:3]).[#6:2]=[#8:4],['rule0953']
150,[#7:1]-[#6:2]=[#8:3]>>[#6:2]#[#7:1].[#8:3],['rule0241']
151,[#6:1].[#6:2]1:[#6:3]:[#6:4]:[#6:5]:[#7+:6]:[#6:7]:1.[#8:8].[#8:9]-[#15:10]>>[#6:1]-[#8:9].[#6:2]1=[#6:7]-[#7+0:6]-[#6:5]=[#6:4]-[#6:3]-1.[#8:8]-[#15:10],['rule0570']
152,[#6:1]-[#6:2]=[#8:3].[#8:4]-[#15:5]-[#8:6]>>[#6:1]=[#6:2]-[#8:4]-[#15:5]-[#8:3].[#8:6],['rule1027']
153,[#6:1]=[#8:2].[#8:3]>>[#8:2]-[#6:1]-[#8:3],"['rule0141', 'rule0650']"
154,[#6:1]1:[#6:2]:[#6:3]:[#6:4]:[#6:5]:[#6:6]:1.[#8:7]=[#8:8]>>[#8:7]=[#6:1]-[#6:2]1-[#6:3]=[#6:4]-[#6:5]:[#6:6]-[#8:8]-1,['rule1192']
155,([#6:1].[#6:2]=[#6:3].[#6:4]-[#8:5])>>[#6:1]-[#6:2]-[#6:3]-[#6:4].[#8:5],['rule0315']
156,[#6:1]-[#6:2]=[#8:3].[#6:4]1:[#6:5]:[#6:6]:[#6:7]:[#6:8]:[#6:9]:1>>[#6:1]=[#6:2]-[#8:3]-[#6:4]1-[#6:5]-[#6:6]=[#6:7]-[#6:8]=[#6:9]-1,['rule0567']
157,([#6:1].[#6:2]-[#6:3]-[#8:4]).[#8:5]=[#8:6]>>([#6:1]-[#8:5].[#6:2]-[#8:6]).[#6:3]=[#8:4],['rule0446']
158,[#6:1]-[#8:2].[#7:3]:[#6:4]-[#6:5]-[#8:6]>>[#6:1]-[#7+:3]:[#6:4].[#6:5]=[#8:6].[#8:2],['rule0812']
159,[#6:1]-[#6:2].[#8:3]=[#6:4]1-[#6:5]=[#6:6]-[#6:7](=[#8:8])-[#6:9]=[#6:10]-1>>[#6:1]=[#6:2].[#8:3]-[#6:4]1:[#6:10]:[#6:9]:[#6:7](-[#8:8]):[#6:6]:[#6:5]:1,"['rule0420', 'rule1163']"
160,[#6:1]-[#8:2].[#6:3]-[#8:4].[#6:5]=[#8:6]>>[#6:1].[#6:3]-[#6:5]-[#8:6].[#8:2]=[#8:4],['rule0044']
161,[#6:1]-[#16+:2].[#8:3].[#8:4]-[#15:5]-[#8:6]>>[#16+0:2].[#6:1]-[#8:4]-[#15:5]-[#8:3].[#8:6],['rule1220']
162,[#6:1]-[#8:2]-[#6:3]=[#6:4].[#8:5]>>[#6:1]-[#6:3](-[#6:4])-[#8:2]-[#8:5],['rule0669']
163,[#16:1].[#16:2].[#8:3]-[#8:4]>>[#16:1]-[#16:2].[#8:3].[#8:4],['rule0793']
164,[#6:1]=[#6:2]-[#6:3]-[#8:4].[#8:5]>>([#8:4].[#6:3]=[#6:2]-[#6:1]-[#8:5]),['rule0850']
165,([#6:1]-[#6:2].[#6:3]=[#6:4]-[#6:5].[#6:6]=[#6:7]-[#6:8].[#6:9]-[#8:10])>>([#6:1]-[#6:5](-[#6:2])-[#6:4]-[#6:3].[#6:9]-[#6:6]-[#6:7]=[#6:8]).[#8:10],['rule0766']
166,([#6:1].[#6:2]=[#8:3])>>[#6:1]-[#6:2]-[#8:3],['rule0632']
167,[#16:1].[#6:2]-[Se:3]>>[#6:2]-[#16+:1].[Se:3],['rule0830']
168,[#6:1].[#6:2]=[#8:3]>>[#6:1]=[#6:2].[#8:3],['rule0209']
169,[#6:1]-[#6:2](-[#8:3])-[#6:4]-[#6:5]-[#8:6].[#8:7]-[#15:8]>>[#6:1]=[#6:2]-[#6:4].[#6:5]=[#8:6].[#8:7].[#8:3]-[#15:8],['rule0781']
170,[#6:1]1=[#6:2]-[#7:3]-[#6:4]=[#6:5]-[#6:6]-1.[#7:7]-[#6:8]:[#6:9]-[#6:10]-[#8:11].[#8:12]=[#8:13]>>[#6:1]1:[#6:6]:[#6:5]:[#6:4]:[#7+:3]:[#6:2]:1.[#6:10]=[#8:11].[#7:7].[#8:12]-[#6:8]:[#6:9]-[#8:13],['rule1003']
171,[#6:1]-[#7+:2].[#7:3]>>[#6:1]-[#7:3].[#7+0:2],['rule0718']
172,[#6:1].[#6:2]=[#8:3].[#8:4]>>[#6:1]-[#8:4].[#6:2]-[#8:3],['rule0413']
173,[#6:1]-[#8:2].[#8:3].[#8:4]=[#6:5]-[#6:6]=[#8:7]>>[#6:1].[#8:4]-[#6:5]=[#6:6]-[#8:7].[#8:2]=[#8:3],['rule0468']
174,[#6:1]-[#8:2].[#7:3]>>[#6:1]-[#7+:3].[#8:2],"['rule0310', 'rule0518', 'rule0716', 'rule1218']"
175,([#6:1]=[#6:2].[#6:3]-[#6:4]=[#6:5]-[#6:6]-[#8:7])>>[#6:6]=[#6:5]1-[#6:1]-[#6:2]-[#6:3]-[#6:4]-1.[#8:7],['rule0387']
176,[#6:1]=[#6:2]-[#6:3]-[#6:4]-[#8:5]>>[#6:1]-[#6:2]=[#6:3].[#6:4]=[#8:5],['rule0556']
177,[#6:1]1:[#6:2]:[#6:3]:[#6:4]:[#7+:5]:[#6:6]:1.[#8:7].[#8:8]=[#6:9]-[#6:10]-[#8:11]>>[#6:1]1=[#6:6]-[#7+0:5]-[#6:4]=[#6:3]-[#6:2]-1.[#6:10]=[#6:9]-[#8:8].[#8:11]=[#8:7],['rule0656']
178,([#8:1].[#6:2]=[#6:3]-[#6:4](=[#8:5])-[#6:6](-[#8:7])-[#8:8]).[#8:9]>>([#8:7].[#8:1]-[#6:2]-[#6:3](-[#8:9])-[#6:4](-[#8:5])-[#6:6]=[#8:8]),['rule0898']
179,[#7:1]-[#6:2]-[#6:3]-[#8:4].[#8:5].[#8:6]=[#8:7]>>[#6:2]=[#8:5].[#6:3]=[#8:4].[#7:1].[#8:6]-[#8:7],['rule1198']
180,[#6:1]=[#8:2].[#7:3]>>[#6:1]=[#7:3].[#8:2],"['rule0160', 'rule0320']"
181,[#6:1]=[#8:2].[#7:3].[#8:4]-[#8:5]>>[#6:1]-[#7:3].[#8:2].[#8:4]=[#8:5],"['rule0091', 'rule0112']"
182,[#6:1].[#6:2]-[#6:3]-[#8:4].[#8:5]=[#8:6]>>[#6:1]-[#8:5].[#6:2]-[#8:6].[#6:3]=[#8:4],['rule0045']
183,[#6:1]-[#6:2].[#8:3].[#8:4]-[#15:5]>>[#6:1].[#6:2]-[#8:4].[#8:3]-[#15:5],['rule0402']
184,[#8:1]-[#6:2]-[#6:3]-[#16:4]>>[#16:4].[#6:3]-[#6:2]=[#8:1],['rule1067']
185,[#6:1]-[#6:2].[#6:3]-[#6:4]-[#8:5].[#8:6]=[#8:7]>>[#6:3]-[#8:6].[#6:1]=[#6:2].[#6:4]=[#8:5].[#8:7],['rule0192']
186,[#6:1]-[#8:2].[#6:3]=[#6:4].[#6:5]=[#8:6].[#8:7]>>[#6:3]-[#6:4].[#6:1]-[#6:5]-[#8:6].[#8:2]=[#8:7],['rule0317']
187,[#6:1].[#6:2]=[#8:3].[#8:4]>>[#6:1]-[#6:2]-[#8:4].[#8:3],['rule0730']
188,([#16:1].[#6:2]-[#16:3]).[#6:4]=[#8:5]>>[#16:1]-[#16:3].[#6:2]-[#6:4]-[#8:5],['rule0329']
189,[#6:1]-[#7:2].[#7:3]>>[#6:1]-[#7:3].[#7:2],"['rule0069', 'rule0298', 'rule0299', 'rule0579', 'rule0580']"
190,[#6:1]=[#7:2].[#6:3]=[#8:4].[#8:5]>>[#8:4]-[#6:3]-[#6:1]-[#7:2]-[#8:5],['rule0221']
191,[#16:1].[#6:2]=[#8:3].[#8:4]-[#8:5]>>[#6:2]-[#16:1].[#8:3].[#8:4]=[#8:5],['rule0543']
192,[#6:1]-[#6:2]-[#6:3]1-[#6:4]2-[#6:5](=[#6:6])-[#6:7]-[#6:8]-[#6:9]-1-2-[#6:10].[#8:11]>>([#6:1]=[#6:2].[#6:10]=[#6:9]-[#6:4]-[#6:3]-[#6:5](-[#6:6])=[#6:7]-[#6:8]-[#8:11]),['rule1190']
193,[#6:1]=[#7:2]-[#8:3]>>[#6:1]#[#7:2].[#8:3],['rule0304']
194,[#6:1]1=[#6:2]-[#7:3]-[#6:4]=[#6:5]-[#6:6]-1.[#6:7]1=[#6:8]-[#7:9]-[#6:10]=[#6:11]-[#6:12]-1.[#6:13]=[#8:14]>>[#6:13].[#6:11]1:[#6:12]:[#6:7]:[#6:8]:[#7+:9]:[#6:10]:1.[#6:1]1:[#6:6]:[#6:5]:[#6:4]:[#7+:3]:[#6:2]:1.[#8:14],['rule0164']
195,[#6:1]-[#6:2]-[#6:3]>>[#6:1].[#6:2]=[#6:3],['rule0306']
196,[#16:1].[#6:2]-[#16+:3]>>[#16+0:3].[#6:2]-[#16+:1],"['rule0708', 'rule0709']"
197,[#6:1]-[#6:2](=[#6:3])-[#6:4].[#8:5]>>([#6:1]=[#6:2]-[#6:3].[#6:4]-[#8:5]),['rule0599']
198,([#6:1]=[#6:2].[#6:3]-[#8:4])>>[#6:1]-[#6:2]=[#6:3].[#8:4],['rule0493']
199,[#6:1]-[#16:2].[#8:3]>>[#6:1].[#8:3]-[#16:2],['rule0337']
200,[#6:1]-[#6:2]=[#8:3].[#7:4]>>[#7:4]-[#6:2]-[#6:1]-[#8:3],['rule0340']
201,([#6:1]-[#8:2].[#6:3]-[#8:4]).[#8:5]>>([#6:1].[#6:3].[#8:2]).[#8:4]=[#8:5],['rule0968']
202,[#6:1]-[#6:2]-[#8:3].[#6:4]=[#6:5]>>[#6:1]-[#6:4]-[#6:5].[#6:2]=[#8:3],['rule0291']
203,([#6:1]=[#6:2].[#6:3]-[#6:4]=[#6:5]-[#6:6]-[#8:7])>>[#6:3]=[#6:4]-[#6:5]1-[#6:1]-[#6:2]-[#6:6]-1.[#8:7],['rule0364']
204,[#6:1]1=[#6:2]-[#7:3]-[#6:4]=[#6:5]-[#6:6]-1.[#6:7]1=[#6:8]-[#7:9]-[#6:10]=[#6:11]-[#6:12]-1.[#7:13]=[#7:14]>>[#6:11]1:[#6:12]:[#6:7]:[#6:8]:[#7+:9]:[#6:10]:1.[#6:1]1:[#6:6]:[#6:5]:[#6:4]:[#7+:3]:[#6:2]:1.[#7:13].[#7:14],['rule0572']
205,([#8:1].[#6:2]-[#6:3])>>([#6:2].[#6:3]-[#8:1]),['rule0801']
206,([#8:1].[#6:2]-[#6:3]-[#6:4]-[#6:5]=[#6:6]-[#6:7](-[#6:8])-[#6:9])>>([#6:2]-[#8:1].[#6:3]=[#6:4].[#6:7]=[#6:8].[#6:5]=[#6:6]-[#6:9]),['rule1204']
207,([#6:1].[#6:2]=[#8:3]).[#8:4]>>([#6:1]-[#8:4].[#6:2]-[#8:3]),"['rule0070', 'rule1079']"
208,([#6:1]=[#6:2].[#6:3]=[#6:4]).[#8:5]=[#8:6].[#8:7]=[#8:8]>>([#6:1]=[#8:5].[#6:3]=[#8:6]).[#6:2]=[#8:7].[#6:4]=[#8:8],['rule0265']
209,([#6:1]=[#6:2].[#6:3]-[#6:4]=[#6:5]-[#6:6]-[#8:7])>>[#6:1]1-[#6:2]-[#6:6]-[#6:5]2-[#6:3]-[#6:4]-1-2.[#8:7],['rule0597']
210,[#6:1]-[#16:2].[#7:3]>>[#16:2].[#6:1]-[#7:3],"['rule0042', 'rule0076', 'rule0283']"
211,[#6:1]1:[#6:2]:[#6:3]:[#6:4]:[#6:5]:[#6:6]:1.[#8:7]=[#8:8]>>[#8:7]=[#6:1]-[#6:2]=[#6:3]-[#6:4]=[#6:5]-[#6:6]=[#8:8],['rule0052']
212,[#8:1]-[#6:2]:[#6:3]-[#6:4]=[#6:5]-[#6:6]-[#16:7]>>[#16:7].[#6:3]1:[#6:2]:[#8:1]:[#6:6]:[#6:5]:[#6:4]:1,['rule0614']
213,([#6:1].[#6:2]).[#6:3]-[#16+:4]>>[#16+0:4].[#6:3].[#6:1]-[#6:2],['rule0826']
214,[#6:1]-[#8:2].[#8:3]-[#8:4]>>([#6:1].[#8:2]).[#8:3]=[#8:4],['rule0681']
215,[#6:1].[#6:2]-[#8:3]>>[#6:1]-[#6:2].[#8:3],"['rule0084', 'rule0110', 'rule0181', 'rule0262']"
216,([#6:1]-[#8:2].[#8:3]-[#15:4]).[#8:5]>>[#6:1]-[#8:3].[#8:2].[#8:5]-[#15:4],['rule1215']
217,([#6:1]-[#6:2]=[#8:3].[#6:4]-[#6:5]=[#8:6])>>[#6:1]=[#6:2]-[#8:3]-[#6:5]=[#6:4].[#8:6],['rule0911']
218,[#6:1]1-[#6:2]-[#6:3]-1.[#8:4]>>([#6:1]=[#6:2].[#6:3]-[#8:4]),['rule0396']
219,[#6:1].[#6:2]=[#6:3]-[#6:4]-[#8:5]>>[#6:1]-[#6:2]-[#6:3]=[#6:4].[#8:5],"['rule0417', 'rule0634']"
220,[#7:1]-[#6:2]-[#7:3].[#8:4]>>[#6:2]=[#8:4].[#7:1].[#7:3],['rule0208']
221,[#6:1]-[#6:2]=[#6:3]>>[#6:1]=[#6:2]-[#6:3],['rule0040']
222,[#16:1].[#6:2]-[#6:3]>>[#6:2].[#6:3]-[#16+:1],"['rule0046', 'rule0842']"
223,([#6:1]=[#8:2].[#8:3]-[#6:4]-[#6:5]-[#8:6])>>[#8:3].[#8:6]=[#6:5]-[#6:4]-[#6:1]-[#8:2],['rule0729']
224,[#6:1]-[#6:2]-[#6:3]-[#8:4].[#6:5]1:[#6:6]:[#6:7]:[#6:8]:[#7+:9]:[#6:10]:1>>[#6:5]1=[#6:10]-[#7+0:9]-[#6:8]=[#6:7]-[#6:6]-1.[#6:1]=[#6:2].[#6:3]=[#8:4],['rule0234']
225,([#6:1]-[#6:2].[#6:3]-[#6:4]).[#8:5]>>([#6:1].[#6:2]-[#6:3].[#6:4]-[#8:5]),['rule0822']
226,([#7:1].[#7:2]).[#6:3]=[#8:4].[#8:5]-[#15:6]>>[#7:1]-[#6:3]-[#7:2].[#8:5].[#8:4]-[#15:6],['rule1059']
227,[#6:1]-[#6:2]=[#6:3]-[#8:4].[#6:5]1:[#6:6]:[#6:7]:[#6:8]:[#7+:9]:[#6:10]:1>>[#6:5]1=[#6:10]-[#7+0:9]-[#6:8]=[#6:7]-[#6:6]-1.[#6:1]=[#6:2]-[#6:3]=[#8:4],['rule1045']
228,([#6:1].[#8:2].[#6:3]=[#8:4])>>([#6:1]-[#8:2].[#6:3]-[#8:4]),['rule0169']
229,[#6:1]=[#6:2]-[#8:3]-[#15:4].[#8:5]>>[#6:1]-[#6:2]=[#8:3].[#8:5]-[#15:4],['rule0408']
230,[#6:1]-[#6:2]-[#6:3]-[#8:4]>>[#6:1]=[#6:2]-[#6:3].[#8:4],['rule0428']
231,[#6:1]-[#6:2]=[#6:3].[#6:4]=[#8:5]>>[#6:1]=[#6:2]-[#6:3]-[#6:4]-[#8:5],['rule0555']
232,[#6:1]1:[#6:2]:[#6:3]:[#6:4]:[#7+:5]:[#6:6]:1.[#6:7]=[#6:8]-[#6:9]-[#6:10]-[#8:11]>>[#6:7]-[#6:8]=[#6:9]-[#6:10]=[#8:11].[#6:1]1=[#6:6]-[#7+0:5]-[#6:4]=[#6:3]-[#6:2]-1,['rule0679']
233,[#6:1]1=[#6:2]-[#7:3]-[#6:4]=[#6:5]-[#6:6]-1.[#7:7]=[#8:8]>>[#6:1]1:[#6:6]:[#6:5]:[#6:4]:[#7+:3]:[#6:2]:1.[#7:7]-[#8:8],['rule0520']
234,([#7:1].[#6:2]=[#8:3])>>[#6:2]=[#7:1].[#8:3],['rule0146']
235,[#6:1]-[#6:2]=[#6:3].[#8:4]>>[#6:3]-[#6:2]-[#6:1]-[#8:4],['rule0427']
236,[#16:1].[#6:2]-[As:3]=[#8:4]>>[#6:2]-[#16+:1].[#8:4]-[As:3],['rule0711']
237,[#6:1]1:[#6:2]:[#6:3]:[#6:4]:[#7+:5]:[#6:6]:1.[#7:7].[#8:8]-[#6:9]:[#6:10]-[#8:11]>>[#6:1]1=[#6:6]-[#7+0:5]-[#6:4]=[#6:3]-[#6:2]-1.[#6:10]:[#6:9]-[#7+:7].[#8:11]=[#8:8],['rule0177']
238,([#6:1]=[#6:2].[#6:3]-[#6:4]-[#6:5]-[#6:6]=[#6:7]-[#6:8]-[#8:9])>>[#6:1]-[#6:2]-[#6:4]1-[#6:3]-[#6:8]-[#6:7]-[#6:6]=[#6:5]-1.[#8:9],['rule0456']
239,[#8:1].[#8:2]-[#6:3](-[#6:4]-[#8:5])-[#7:6]1:[#6:7]:[#6:8]:[#7:9]:[#6:10]:1>>([#8:2].[#6:4]1=[#7:9]-[#6:8]:[#6:7]-[#7:6]-[#6:3]-1).[#8:1]=[#6:10]-[#8:5],['rule1069']
240,[#6:1]-[#6:2]-[#8:3].[#6:4]-[#8:5]>>[#6:1]-[#6:4].[#6:2]=[#8:3].[#8:5],"['rule0247', 'rule0990']"
241,([#6:1]-[#8:2].[#6:3]-[#8:4])>>([#6:1].[#6:3]=[#8:4]).[#8:2],"['rule0071', 'rule1080']"
242,[#6:1]-[#6:2]=[#8:3].[#8:4]>>[#6:1]=[#6:2]-[#8:4].[#8:3],"['rule0583', 'rule1089']"
243,[#8:1]=[#6:2]-[#6:3]1-[#6:4]=[#6:5]-[#6:6]:[#6:7]-[#8:8]-1>>[#6:2]1:[#6:3]:[#6:4]:[#6:5]:[#6:6]:[#6:7]:1.[#8:1]=[#8:8],['rule1193']
244,([#7:1].[#7:2]-[#6:3]=[#8:4])>>[#7:1]-[#6:3]=[#7+:2].[#8:4],['rule0586']
245,([#8:1].[#6:2]=[#6:3])>>[#6:2]-[#6:3]-[#8:1],['rule0093']
246,[#8:1]-[#6:2]-[#6:3]-[#7:4]-[#8:5]>>[#6:3]=[#7:4].[#6:2]=[#8:1].[#8:5],['rule0222']
247,([#6:1].[#8:2]-[#8:3])>>([#8:2].[#6:1]-[#8:3]),['rule0590']
248,[#6:1]-[#8:2].[#6:3]=[#6:4]>>[#6:1]1-[#6:3]-[#6:4]-1.[#8:2],['rule0720']
249,[#6:1]=[#6:2]-[#6:3]-[#6:4]-[#6:5]=[#6:6].[#8:7]>>([#6:3]=[#6:2]-[#6:1]-[#8:7].[#6:6]-[#6:5]=[#6:4]),['rule0954']
250,[#6:1]-[#6:2]-[#8:3].[#8:4]-[#15:5]>>[#6:1]=[#6:2].[#8:4].[#8:3]-[#15:5],['rule0454']
251,[#6:1]-[#8:2]-[#6:3]=[#6:4].[#8:5]>>([#6:1]-[#8:5].[#6:4]-[#6:3]=[#8:2]),['rule0189']
252,[#7:1]-[#6:2]-[#6:3]-[#8:4]>>[#6:3]-[#6:2]=[#8:4].[#7:1],['rule0341']
253,[#16:1].[#8:2]-[#15:3].[#8:4]-[#6:5]-[#6:6]-[#6:7]-[#8:8]>>[#6:6]-[#6:5]-[#16:1].[#6:7]=[#8:8].[#8:2].[#8:4]-[#15:3],['rule1047']
254,[#16:1].[#6:2]-[#8:3].[#6:4]1:[#6:5]:[#6:6]:[#6:7]:[#7+:8]:[#6:9]:1.[#6:10]1:[#6:11]:[#6:12]:[#6:13]:[#7+:14]:[#6:15]:1>>[#6:10]1=[#6:15]-[#7+0:14]-[#6:13]=[#6:12]-[#6:11]-1.[#6:4]1=[#6:9]-[#7+0:8]-[#6:7]=[#6:6]-[#6:5]-1.[#8:3]=[#6:2]-[#16:1],['rule0179']
255,[#8:1]=[#6:2]-[#6:3]-[#15:4]-[#8:5]>>[#6:3]=[#6:2]-[#8:5]-[#15:4]-[#8:1],['rule0809']
256,[#6:1]-[#7:2].[#8:3].[#8:4]-[#15:5]>>[#6:1]-[#8:4].[#7:2].[#8:3]-[#15:5],"['rule0049', 'rule0066', 'rule0385', 'rule0565']"
257,([#8:1]-[#6:2](-[#6:3]-[#8:4])-[#7:5]1:[#6:6]:[#6:7]:[#7:8]:[#6:9]:1.[#8:10]-[#15:11]-[#8:12]-[#15:13]).[#8:14]>>([#8:1]-[#15:13].[#6:3]1=[#7:8]-[#6:7]:[#6:6]-[#7:5]-[#6:2]-1).[#8:12]-[#15:11]-[#8:4].[#8:14]=[#6:9]-[#8:10],['rule1102']
258,[#6:1]1=[#6:2]-[#7:3]-[#6:4]=[#6:5]-[#6:6]-1.[#6:7]=[#6:8]-[#6:9]=[#8:10]>>[#6:7]-[#6:8]=[#6:9]-[#8:10].[#6:1]1:[#6:6]:[#6:5]:[#6:4]:[#7+:3]:[#6:2]:1,['rule1044']
259,[#6:1]1:[#6:2]:[#6:3]:[#8:4]:[#6:5]:[#6:6]:1.[#6:7]1=[#6:8]-[#7:9]-[#6:10]=[#6:11]-[#6:12]-1>>[#6:1]1-[#6:2]:[#6:3]-[#8:4]-[#6:5]-[#6:6]-1.[#6:11]1:[#6:12]:[#6:7]:[#6:8]:[#7+:9]:[#6:10]:1,['rule0316']
260,[#6:1]-[#8:2].[#6:3]1:[#6:4]:[#6:5]:[#6:6]:[#7+:7]:[#6:8]:1>>[#6:3]1=[#6:8]-[#7+0:7]-[#6:6]=[#6:5]-[#6:4]-1.[#6:1]=[#8:2],['rule0002']
261,[#6:1]-[#8:2].[#8:3].[#8:4]-[#15:5]>>([#6:1]-[#8:3].[#8:2]-[#15:5]).[#8:4],['rule1216']
262,[#6:1]-[#6:2]=[#8:3].[#6:4]-[#8:5].[#6:6]=[#8:7].[#7:8]>>[#6:4]-[#7:8]-[#6:2]=[#6:1]-[#6:6]-[#8:7].[#8:3].[#8:5],['rule0732']
263,[#6:1].[#6:2]=[#8:3]>>[#6:1]-[#6:2]-[#8:3],"['rule0023', 'rule0051', 'rule0255', 'rule0393']"
264,[#6:1]-[#6:2]-[#6:3]=[#6:4]-[#6:5]-[#6:6]-[#6:7]=[#6:8]-[#6:9].[#8:10].[#8:11]>>[#6:1].[#6:5]=[#6:4]-[#6:3]-[#6:2]-[#8:10].[#6:9]=[#6:8]-[#6:7]-[#6:6]-[#8:11],['rule1114']
265,[#6:1]-[#8:2].[#6:3]1=[#6:4]-[#7:5]-[#6:6]=[#6:7]-[#6:8]-1.[#8:9]-[#15:10]>>[#6:1].[#6:3]1:[#6:8]:[#6:7]:[#6:6]:[#7+:5]:[#6:4]:1.[#8:9].[#8:2]-[#15:10],['rule0571']
266,([#6:1]=[#8:2].[#6:3]=[#8:4]).[#6:5]=[#8:6].[#6:7]=[#8:8]>>([#6:1]=[#6:5].[#6:3]=[#6:7]).[#8:2]=[#8:4].[#8:6]=[#8:8],['rule0264']
267,[#6:1].[#8:2]-[#6:3]=[#6:4]-[#8:5].[#8:6]=[#8:7]>>[#6:1]-[#8:6].[#8:7].[#8:2]=[#6:3]-[#6:4]=[#8:5],['rule0469']
268,[#8:1]-[#6:2]1:[#6:3]:[#6:4]:[#6:5]:[#6:6]:[#6:7]:1.[#8:8]=[#8:9]>>[#8:8]=[#6:5]-[#6:4]=[#6:3]-[#6:2](=[#8:1])-[#6:7]-[#6:6]=[#8:9],['rule0307']
269,[#6:1]=[#7+:2].[#8:3]>>([#7+0:2].[#6:1]=[#8:3]),['rule0338']
270,([#6:1]=[#6:2].[#6:3]=[#6:4].[#6:5]=[#6:6].[#6:7]=[#6:8].[#6:9]=[#6:10]).[#8:11]>>[#6:10]-[#6:2]-[#6:1]-[#6:6]-[#6:5]-[#6:4]-[#6:3]-[#6:7]-[#6:8]-[#6:9]-[#8:11],['rule0918']
271,([#6:1]=[#6:2]-[#6:3]-[#8:4].[#6:5]-[#6:6]-[#6:7]=[#6:8])>>[#6:3]=[#6:2]-[#6:1]-[#6:8]-[#6:7]-[#6:6]=[#6:5].[#8:4],['rule1200']
272,([#6:1]=[#6:2].[#6:3]=[#6:4].[#6:5]=[#6:6]-[#6:7].[#8:8]-[#15:9]).[#8:10]>>([#8:8].[#6:7]=[#6:6]-[#6:5]-[#6:1]-[#6:2]-[#6:3]-[#6:4]).[#8:10]-[#15:9],['rule0853']
273,[#6:1]-[#6:2]-[#8:3]>>[#6:1]=[#6:2].[#8:3],"['rule0019', 'rule0461']"
274,[#8:1]-[#6:2]-[#6:3]-[#8:4]>>([#6:2]=[#6:3].[#8:1]-[#8:4]),['rule0909']
275,[#6:1]-[#6:2]-[#6:3]-[#8:4].[#8:5]>>([#6:2]=[#6:3].[#6:1]-[#8:5]).[#8:4],['rule0368']
276,([#6:1]-[#6:2]=[#6:3].[#6:4]-[#6:5]=[#6:6]-[#6:7]-[#8:8])>>[#6:1]=[#6:2]-[#6:3]=[#6:5]-[#6:6](-[#6:4])-[#6:7].[#8:8],['rule0747']
277,[#6:1]1-[#6:2]-[#8:3]-1.[#6:4]1:[#6:5]:[#6:6]:[#6:7]:[#7+:8]:[#6:9]:1.[#8:10]>>[#6:4]1=[#6:9]-[#7+0:8]-[#6:7]=[#6:6]-[#6:5]-1.[#6:1]=[#6:2].[#8:10]=[#8:3],['rule0068']
278,[#7:1]-[#6:2]=[#7:3].[#8:4]>>[#7:1].[#7:3]-[#6:2]=[#8:4],['rule0159']
279,[#6:1]1:[#6:2]:[#6:3]:[#6:4]:[#7+:5]:[#6:6]:1.[#6:7]1:[#6:8]:[#6:9]:[#6:10]:[#7+:11]:[#6:12]:1.[#7:13].[#7:14]>>[#6:1]1=[#6:6]-[#7+0:5]-[#6:4]=[#6:3]-[#6:2]-1.[#6:7]1=[#6:12]-[#7+0:11]-[#6:10]=[#6:9]-[#6:8]-1.[#7:13]=[#7:14],['rule0573']
280,([#7:1].[#6:2]-[#8:3])>>[#6:2]-[#7:1].[#8:3],['rule0106']
281,[#6:1]-[#7:2].[#6:3]1:[#6:4]:[#6:5]:[#6:6]:[#7+:7]:[#6:8]:1.[#6:9]1:[#6:10]:[#6:11]:[#6:12]:[#7+:13]:[#6:14]:1>>[#6:1]#[#7:2].[#6:11]1=[#6:12]-[#7+0:13]-[#6:14]=[#6:9]-[#6:10]-1.[#6:3]1=[#6:8]-[#7+0:7]-[#6:6]=[#6:5]-[#6:4]-1,['rule1214']
282,[#6:1]-[#7+:2].[#6:3]1=[#6:4]-[#7:5]-[#6:6]=[#6:7]-[#6:8]-1.[#8:9]=[#8:10]>>[#6:3]1:[#6:8]:[#6:7]:[#6:6]:[#7+:5]:[#6:4]:1.[#6:1]=[#8:10].[#7+0:2].[#8:9],['rule0489']
283,[#6:1]1:[#6:2]:[#6:3]:[#6:4]:[#7+:5]:[#6:6]:1.[#8:7].[#8:8]=[#6:9]1-[#6:10]=[#6:11]-[#6:12](-[#8:13])-[#6:14]=[#6:15]-1>>[#6:1]1=[#6:6]-[#7+0:5]-[#6:4]=[#6:3]-[#6:2]-1.[#8:8]-[#6:9]1:[#6:10]:[#6:11]:[#6:12]:[#6:14]:[#6:15]:1.[#8:13]=[#8:7],['rule0530']
284,[#16:1].[#6:2]-[#7+:3]>>[#6:2]-[#16+:1].[#7+0:3],['rule0120']
285,[#6:1]-[#6:2]-[#6:3]=[#6:4]-[#6:5]=[#6:6].[#8:7]>>([#6:1]=[#6:2].[#6:6]-[#6:5]=[#6:4]-[#6:3]-[#8:7]),['rule0258']
286,[#6:1]-[#8:2].[#7:3].[#8:4]-[#15:5]>>[#6:1]-[#7:3].[#8:4].[#8:2]-[#15:5],"['rule0050', 'rule0067', 'rule0386', 'rule0566']"
287,[#8:1]-[#15:2].[#8:3]=[#6:4]-[#6:5]-[#6:6]-[#8:7]>>[#6:5]=[#6:4]-[#8:3]-[#15:2].[#6:6]=[#8:7].[#8:1],['rule0452']
288,[#6:1]-[#6:2]=[#6:3]-[#6:4]=[#8:5]>>[#6:1]=[#6:2]-[#6:3]=[#6:4]-[#8:5],['rule0344']
289,[#16:1]-[#16:2].[#6:3]-[#6:4]-[#8:5]>>([#16:1].[#6:3]-[#16:2]).[#6:4]=[#8:5],['rule0328']
290,([#6:1]=[#6:2].[#6:3]=[#6:4]-[#6:5]-[#8:6]).[#8:7]>>[#6:3]-[#6:4]=[#6:5]-[#6:1]-[#6:2]-[#8:7].[#8:6],['rule1195']
291,[#6:1]-[#6:2]-[#6:3]-[#6:4]-[#6:5]-[#6:6]-[#6:7]-[#6:8]-[#6:9]-[#6:10]=[#6:11]>>([#6:1]=[#6:2].[#6:3]=[#6:4].[#6:5]=[#6:6].[#6:7]=[#6:8].[#6:9]=[#6:10]-[#6:11]),['rule0640']
292,[#6:1]#[#7:2].[#8:3].[#8:4]>>[#7:2].[#8:3]=[#6:1]-[#8:4],['rule0243']
293,([#6:1].[#6:2]=[#6:3]-[#6:4]-[#8:5])>>[#6:1]-[#6:2]-[#6:3]=[#6:4].[#8:5],['rule0510']
294,([#6:1]=[#6:2].[#6:3]=[#6:4]).[#8:5]>>[#6:1]-[#6:2]-[#6:3]-[#6:4]-[#8:5],['rule0866']
295,[#16:1].[#6:2]-[#6:3]-[#6:4].[#6:5]1:[#6:6]:[#6:7]:[#6:8]:[#7+:9]:[#6:10]:1.[#8:11]>>[#6:3]-[#6:2]-[#16:1].[#6:4]-[#8:11].[#6:5]1=[#6:10]-[#7+0:9]-[#6:8]=[#6:7]-[#6:6]-1,['rule0694']
296,[#6:1]=[#6:2]-[#6:3]-[#6:4]-[#6:5]>>([#6:4]=[#6:5].[#6:1]-[#6:2]=[#6:3]),['rule0505']
297,[#7:1]=[#6:2]-[#6:3](-[#8:4])-[#6:5]-[#8:6]>>[#6:5]=[#8:6].[#7:1]-[#6:2]-[#6:3]=[#8:4],['rule0637']
298,([#8:1].[#6:2]-[#8:3])>>[#6:2]-[#8:1].[#8:3],"['rule0032', 'rule0201']"
299,[#6:1]1=[#6:2]-[#7:3]-[#6:4]=[#6:5]-[#6:6]-1.[#6:7]=[#6:8].[#6:9]=[#8:10]>>[#6:7]-[#6:8]-[#6:9]-[#8:10].[#6:1]1:[#6:6]:[#6:5]:[#6:4]:[#7+:3]:[#6:2]:1,['rule0606']
300,[#16:1].[#6:2]=[#8:3]>>[#6:2]=[#16:1].[#8:3],['rule1180']
301,[#6:1]-[#7:2].[#8:3]>>([#7:2].[#6:1]-[#8:3]),['rule0111']
302,([#6:1].[#7:2]).[#6:3]=[#8:4]>>[#6:1]-[#6:3]-[#7:2].[#8:4],['rule0342']
303,[#6:1]=[#8:2].[#7:3]-[#6:4]-[#6:5]=[#8:6]>>[#7:3]=[#6:4]-[#6:5](-[#8:6])-[#6:1]-[#8:2],['rule0636']
304,[#6:1]=[#7:2].[#8:3]>>([#7:2].[#6:1]=[#8:3]),['rule0186']
305,[#6:1]-[#7:2].[#6:3]-[#8:4].[#6:5]1:[#6:6]:[#6:7]:[#6:8]:[#7+:9]:[#6:10]:1>>[#6:3]-[#7:2].[#6:5]1=[#6:10]-[#7+0:9]-[#6:8]=[#6:7]-[#6:6]-1.[#6:1]=[#8:4],['rule0789']
306,([#6:1].[#6:2]-[#8:3])>>[#6:1]-[#6:2].[#8:3],"['rule0245', 'rule0416']"
307,[#6:1]-[#16:2].[#8:3].[#8:4]=[#8:5]>>[#16:2].[#6:1]=[#8:3].[#8:4]-[#8:5],['rule0544']
308,[#6:1]=[#6:2]-[#6:3]=[#6:4]-[#6:5]>>[#6:5]=[#6:4]-[#6:3]=[#6:2]-[#6:1],['rule0508']
309,[#16:1].[#6:2]1:[#6:3]:[#6:4]:[#6:5]:[#7+:6]:[#6:7]:1.[#6:8]=[#8:9].[#8:10]>>[#6:8]-[#16:1].[#6:2]1=[#6:7]-[#7+0:6]-[#6:5]=[#6:4]-[#6:3]-1.[#8:10]=[#8:9],['rule1205']
310,[#16:1].[#8:2].[#8:3]=[#8:4]>>[#8:3]-[#8:4].[#8:2]=[#16:1],['rule0536']
311,[#6:1]-[#6:2]-[#6:3]=[#6:4].[#8:5]-[#8:6]>>([#6:1].[#6:2]=[#6:3]-[#6:4]).[#8:5]=[#8:6],['rule0960']
312,[#6:1]-[#8:2].[#6:3]=[#8:4].[#6:5]=[#8:6].[#8:7]>>[#6:1]-[#6:3]-[#8:4].[#6:5]-[#8:7].[#8:2]=[#8:6],['rule0232']
313,[#16:1]-[#16:2].[#6:3]1=[#6:4]-[#7:5]-[#6:6]=[#6:7]-[#6:8]-1>>([#16:1].[#16:2]).[#6:3]1:[#6:8]:[#6:7]:[#6:6]:[#7+:5]:[#6:4]:1,['rule0202']
314,[#6:1]1=[#6:2]-[#7:3]-[#6:4]=[#6:5]-[#6:6]-1.[#6:7]=[#6:8]>>[#6:7]-[#6:8].[#6:1]1:[#6:6]:[#6:5]:[#6:4]:[#7+:3]:[#6:2]:1,['rule0027']
315,[#6:1]-[#6:2]-[#6:3]-[#6:4]-[#6:5]-[#6:6]=[#6:7]>>([#6:1]=[#6:2].[#6:3]=[#6:4].[#6:5]=[#6:6]-[#6:7]),['rule0563']
316,[#6:1]-[#8:2].[#8:3]>>[#6:1]-[#8:3].[#8:2],"['rule0001', 'rule0006', 'rule0007', 'rule0008', 'rule0009', 'rule0096', 'rule0097', 'rule0104', 'rule0105']"
317,[#6:1]1=[#6:2]-[#7:3]-[#6:4]=[#6:5]-[#6:6]-1.[#6:7]=[#8:8].[#7:9]>>[#6:7]-[#7:9].[#6:1]1:[#6:6]:[#6:5]:[#6:4]:[#7+:3]:[#6:2]:1.[#8:8],"['rule0156', 'rule0166']"
318,[#6:1]1:[#6:2]:[#6:3]:[#6:4]:[#7+:5]:[#6:6]:1.[#6:7]=[#8:8].[#8:9].[#8:10]-[#16:11]>>[#6:7]-[#16:11]=[#8:10].[#6:1]1=[#6:6]-[#7+0:5]-[#6:4]=[#6:3]-[#6:2]-1.[#8:8]=[#8:9],['rule0975']
319,([#6:1].[#6:2]-[#16+:3])>>[#16+0:3].[#6:1]-[#6:2],['rule1040']
320,([#6:1]=[#6:2].[#6:3]-[#6:4]=[#6:5]-[#6:6]-[#8:7])>>[#6:1]-[#6:2]-[#6:6]=[#6:5]-[#6:4]=[#6:3].[#8:7],['rule0259']
321,([#6:1]=[#6:2].[#8:3]-[#8:4])>>[#8:3]-[#6:1]-[#6:2]-[#8:4],['rule0908']
322,[#6:1]-[#8:2].[#6:3]1=[#6:4]-[#7:5]-[#6:6]=[#6:7]-[#6:8]-1>>([#6:1].[#8:2]).[#6:3]1:[#6:8]:[#6:7]:[#6:6]:[#7+:5]:[#6:4]:1,['rule0108']
323,[#7:1]-[#6:2]-[#6:3]-[#8:4]>>[#6:3]-[#6:2]=[#7:1].[#8:4],['rule0660']
324,([#6:1]=[#8:2].[#6:3]-[#6:4]=[#8:5]).[#8:6]>>[#6:3]=[#6:4]-[#8:2]-[#6:1]-[#8:6].[#8:5],['rule1147']
325,[#6:1]1=[#6:2]-[#7:3]-[#6:4]=[#6:5]-[#6:6]-1.[#7:7].[#8:8]=[#8:9]>>[#6:1]1:[#6:6]:[#6:5]:[#6:4]:[#7+:3]:[#6:2]:1.[#7:7]-[#8:8].[#8:9],['rule0134']
326,[#6:1]1:[#6:2]:[#6:3]:[#6:4]:[#7+:5]:[#6:6]:1.[#7:7]-[#8:8]>>[#6:1]1=[#6:6]-[#7+0:5]-[#6:4]=[#6:3]-[#6:2]-1.[#7:7]=[#8:8],['rule0521']
327,([#7:1].[#6:2]-[#6:3])>>([#6:2].[#6:3]-[#7:1]),['rule0155']
328,[#16:1].[#6:2]-[#16:3]>>[#16:3].[#6:2]-[#16+:1],['rule0199']
329,[#8:1]-[#6:2](-[#8:3])-[#6:4]-[#6:5]-[#8:6]>>([#8:1].[#6:5]=[#8:6]).[#6:4]-[#6:2]=[#8:3],['rule0354']
330,([#8:1].[#6:2]=[#6:3]-[#6:4]=[#6:5]-[#6:6]=[#6:7]-[#6:8]-[#8:9])>>[#6:8]=[#6:7]-[#6:6]=[#6:5]-[#6:4]=[#6:3]-[#6:2]-[#8:1].[#8:9],['rule0479']
331,[#7:1]-[#15:2].[#8:3]>>[#7:1].[#8:3]-[#15:2],"['rule0057', 'rule0223', 'rule0377', 'rule0485', 'rule1136']"
332,[#6:1]1:[#6:2]:[#6:3]:[#6:4]:[#7+:5]:[#6:6]:1.[#8:7]-[#6:8]-[#6:9]-[#6:10]-[#8:11]>>[#6:9]-[#6:10]=[#8:11].[#6:1]1=[#6:6]-[#7+0:5]-[#6:4]=[#6:3]-[#6:2]-1.[#6:8]=[#8:7],['rule0081']
333,([#8:1].[#8:2]-[#6:3]1-[#6:4]-[#6:5]-[#6:6]-[#6:7]-1)>>([#8:2].[#6:5]=[#6:6].[#6:4]=[#6:3]-[#6:7]-[#8:1]),['rule1142']
334,[#6:1]=[#8:2].[#8:3]>>[#6:1].[#8:2]=[#8:3],['rule0173']
335,[#16:1].[#6:2]=[#6:3]>>[#6:2]-[#6:3]-[#16:1],['rule0372']
336,[#6:1]#[#7:2].[#8:3]>>[#7:2]-[#6:1]=[#8:3],['rule0240']
337,[#6:1]-[#8:2]-[#6:3].[#6:4]1:[#6:5]:[#6:6]:[#6:7]:[#7+:8]:[#6:9]:1.[#8:10]>>[#6:1]-[#6:3].[#6:4]1=[#6:9]-[#7+0:8]-[#6:7]=[#6:6]-[#6:5]-1.[#8:10]=[#8:2],['rule0082']
338,[#16:1].[#6:2]-[#8:3]-[#6:4]-[#7:5]>>[#6:2]-[#16+:1].[#6:4]=[#8:3].[#7:5],['rule0904']
339,[#6:1]#[#6:2].[#8:3]>>[#6:1]-[#6:2]=[#8:3],['rule0797']
340,[#6:1]-[#7:2].[#6:3]1:[#6:4]:[#6:5]:[#6:6]:[#7+:7]:[#6:8]:1.[#8:9]>>[#6:3]1=[#6:8]-[#7+0:7]-[#6:6]=[#6:5]-[#6:4]-1.[#6:1]=[#8:9].[#7:2],"['rule0157', 'rule0167']"
341,[#6:1]-[#6:2]-[#7:3]>>[#6:2]-[#6:1]-[#7:3],['rule0172']
342,[#6:1]-[#8:2].[#6:3]1=[#6:4]-[#7:5]-[#6:6]=[#6:7]-[#6:8]-1.[#8:9]=[#8:10]>>[#6:3]1:[#6:8]:[#6:7]:[#6:6]:[#7+:5]:[#6:4]:1.[#6:1]=[#8:10].[#8:2].[#8:9],['rule0491']
343,[#6:1]1=[#6:2]-[#7:3]-[#6:4]=[#6:5]-[#6:6]-1.[#6:7]=[#8:8]>>[#6:7]-[#8:8].[#6:1]1:[#6:6]:[#6:5]:[#6:4]:[#7+:3]:[#6:2]:1,['rule0003']
344,[#6:1]-[#16+:2].[#8:3]>>[#16+0:2].[#6:1]-[#8:3],"['rule0011', 'rule0406', 'rule0758']"
345,[#16:1].[#6:2]-[#8:3]-[#15:4]-[#8:5].[#8:6]>>[#6:2]-[#16+:1].[#8:5].[#8:3]-[#15:4]-[#8:6],['rule1219']
346,[#16:1].[#6:2]-[#6:3].[#6:4]=[#8:5]>>[#6:2]-[#16:1].[#6:3]-[#6:4]-[#8:5],"['rule0115', 'rule1117']"
347,[#16:1].[#6:2]1:[#6:3]:[#8:4]:[#6:5]:[#6:6]:[#6:7]:1>>[#8:4]-[#6:3]:[#6:2]-[#6:7]=[#6:6]-[#6:5]-[#16:1],['rule0613']
348,[#6:1]1=[#6:2]-[#7:3]-[#6:4]=[#6:5]-[#6:6]-1.[#6:7]1=[#6:8]-[#7:9]-[#6:10]=[#6:11]-[#6:12]-1.[#8:13]=[#6:14]-[#16:15]>>[#16:15].[#6:14]-[#8:13].[#6:11]1:[#6:12]:[#6:7]:[#6:8]:[#7+:9]:[#6:10]:1.[#6:1]1:[#6:6]:[#6:5]:[#6:4]:[#7+:3]:[#6:2]:1,['rule0180']
349,[#16:1].[#6:2]=[#8:3]>>[#8:3]-[#6:2]-[#16:1],['rule0436']
350,([#6:1].[#6:2]=[#8:3])>>[#6:1]-[#8:3]-[#6:2],['rule0191']
351,[#6:1]-[#6:2]=[#6:3]-[#6:4]=[#8:5].[#7:6]>>[#6:1]=[#6:2]-[#6:3]=[#6:4]-[#7:6].[#8:5],['rule0738']
352,[#16:1].[#6:2]-[#7:3]>>[#6:2]-[#16+:1].[#7:3],"['rule0033', 'rule0205']"
353,[#6:1]-[#6:2]-[#16:3].[#6:4]-[#8:5].[#6:6]1=[#6:7]-[#7:8]-[#6:9]=[#6:10]-[#6:11]-1>>[#16:3].[#6:2]-[#6:1]-[#6:4].[#6:10]1:[#6:11]:[#6:6]:[#6:7]:[#7+:8]:[#6:9]:1.[#8:5],['rule0695']
354,[#6:1]-[#6:2]=[#6:3].[#6:4]-[#8:5]>>[#6:1]=[#6:2]-[#6:3]-[#6:4].[#8:5],"['rule0238', 'rule0450']"
355,([#6:1]=[#6:2]-[#6:3]-[#8:4].[#6:5]-[#6:6]=[#6:7])>>[#6:3]=[#6:2]-[#6:1]-[#6:7]-[#6:6]=[#6:5].[#8:4],['rule0955']
356,[#6:1]-[#6:2]-[#6:3]-[#6:4]-[#6:5]-[#6:6]-[#8:7]>>([#6:1]=[#6:2].[#6:3]=[#6:4].[#6:5]=[#6:6]).[#8:7],['rule1128']
357,[#6:1]=[#6:2]-[#8:3]-[#15:4]-[#8:5]>>[#8:5]=[#6:2]-[#6:1]-[#15:4]-[#8:3],['rule0808']
358,[#8:1]=[#6:2]-[#6:3]=[#6:4]-[#6:5]=[#6:6]-[#6:7]=[#8:8]>>[#6:2]1:[#6:3]:[#6:4]:[#6:5]:[#6:6]:[#6:7]:1.[#8:1]=[#8:8],['rule0054']
359,[#6:1]1:[#6:2]:[#6:3]:[#6:4]:[#7+:5]:[#6:6]:1.[#8:7]-[#6:8]1-[#6:9]=[#6:10]-[#6:11]=[#6:12]-[#6:13]-1-[#8:14]>>[#6:10]1:[#6:11]:[#6:12]:[#6:13]:[#6:8]:[#6:9]:1.[#6:1]1=[#6:6]-[#7+0:5]-[#6:4]=[#6:3]-[#6:2]-1.[#8:14]=[#8:7],['rule0103']
360,[#6:1]-[#7:2]=[#6:3]=[#16:4].[#8:5]>>[#6:1]-[#6:3](-[#16:4])=[#7:2]-[#8:5],['rule0506']
361,[#6:1]-[#7:2].[#8:3]>>[#6:1]-[#8:3].[#7:2],"['rule0013', 'rule0056', 'rule0099', 'rule0122', 'rule0162', 'rule0195', 'rule0430']"
362,[#6:1].[#6:2]-[#16+:3]>>[#16+0:3].[#6:1]-[#6:2],"['rule0043', 'rule0843']"
363,[#6:1]-[#6:2]=[#8:3].[#7:4].[#8:5]-[#16:6]>>[#7:4]-[#6:2]-[#6:1]-[#16:6]=[#8:5].[#8:3],['rule1177']
364,[#8:1]=[#16:2]-[#6:3]-[#6:4]-[#8:5]>>[#6:3]-[#6:4]=[#8:5].[#8:1]-[#16:2],['rule1122']
365,[#6:1]-[#16+:2].[#6:3]-[#16+:4].[#7:5]>>[#16+0:2].[#16+0:4].[#6:1]-[#7:5]-[#6:3],['rule0228']
366,([#6:1]=[#6:2].[#8:3]-[#7:4]=[#6:5]-[#16:6])>>([#6:5]#[#7:4].[#6:1]1-[#6:2]-[#16:6]-1).[#8:3],['rule0950']
367,[#6:1]=[#6:2].[#8:3].[#8:4]=[#6:5]-[#6:6]=[#8:7]>>[#6:1]1-[#6:2]-[#8:3]-1.[#8:4]-[#6:5]=[#6:6]-[#8:7],['rule0964']
368,([#6:1]=[#6:2].[#6:3]=[#6:4].[#6:5]=[#6:6]-[#6:7])>>[#6:1]-[#6:2]-[#6:3]-[#6:4]-[#6:5]-[#6:6]=[#6:7],['rule0564']
369,[#6:1]-[#6:2]1-[#6:3]-[#6:4]-1-[#6:5]=[#6:6].[#8:7]>>([#6:1]=[#6:2].[#6:6]-[#6:5]=[#6:4]-[#6:3]-[#8:7]),['rule0318']
370,([#8:1].[#8:2]-[#15:3])>>[#8:2].[#8:1]-[#15:3],"['rule0549', 'rule0569']"
371,[#6:1]-[#6:2].[#6:3]1=[#6:4]-[#7:5]-[#6:6]=[#6:7]-[#6:8]-1.[#8:9]=[#8:10]>>[#6:1]-[#8:10]-[#6:2].[#6:3]1:[#6:8]:[#6:7]:[#6:6]:[#7+:5]:[#6:4]:1.[#8:9],['rule0083']
372,[#6:1]1:[#6:2]:[#6:3]:[#6:4]:[#6:5]:[#6:6]:1.[#6:7]=[#8:8].[#8:9]>>[#8:8]-[#6:7]-[#6:1]1-[#6:2]=[#6:3]-[#6:4](-[#8:9])-[#6:5]=[#6:6]-1,['rule0773']
373,[#6:1]-[#8:2].[#8:3].[#8:4]-[#15:5]>>[#6:1]-[#8:4].[#8:2].[#8:3]-[#15:5],['rule0846']
374,([#6:1]-[#8:2].[#6:3]-[#8:4])>>([#6:1].[#8:2].[#6:3]=[#8:4]),['rule0168']
375,[#8:1]=[#16:2]-[#8:3]>>[#16:2].[#8:1]=[#8:3],['rule0400']
376,[#6:1].[#8:2]=[#8:3]>>[#6:1]-[#8:2]-[#8:3],['rule0538']
377,[#6:1]1:[#6:2]:[#6:3]:[#6:4]:[#7+:5]:[#6:6]:1.[#8:7].[#8:8]=[#16:9]>>[#16:9].[#6:1]1=[#6:6]-[#7+0:5]-[#6:4]=[#6:3]-[#6:2]-1.[#8:7]=[#8:8],['rule0213']
378,[#6:1]1-[#6:2]-[#6:3]-[#6:4]-[#6:5]-[#8:6]-1.[#8:7]>>([#6:1]=[#6:2].[#6:5]=[#6:4]-[#6:3]-[#8:7]).[#8:6],['rule1139']
379,[#16:1].[#8:2]-[#8:3]>>[#8:2].[#8:3]-[#16:1],['rule1174']
380,[#6:1]-[#6:2]-[#6:3]-[#6:4]-[#6:5]-[#6:6]=[#6:7].[#8:8]>>([#6:1].[#6:2]=[#6:3]-[#6:4]-[#8:8].[#6:5]=[#6:6]-[#6:7]),['rule0616']
381,[#8:1].[#8:2]-[#16:3]>>[#8:2].[#8:1]-[#16:3],"['rule0047', 'rule0048', 'rule0127', 'rule0128']"
382,[#6:1]=[#6:2]-[#6:3]1-[#6:4]-[#6:5]-[#6:6]-1.[#8:7]>>([#6:4]=[#6:5].[#6:1]-[#6:2]=[#6:3]-[#6:6]-[#8:7]),['rule0363']
383,([#8:1].[#6:2]=[#8:3]).[#8:4]=[#6:5]-[#6:6]-[#6:7]-[#8:8]>>[#6:7]=[#8:8].[#8:1]-[#6:5](-[#8:4])-[#6:6]-[#6:2]-[#8:3],['rule0591']
384,[#6:1]=[#6:2].[#8:3].[#8:4]-[#15:5]>>[#6:1]-[#6:2]-[#8:4].[#8:3]-[#15:5],['rule0453']
385,[#7:1]-[#6:2]-[#6:3]-[#16:4]=[#8:5].[#8:6]>>[#6:3]-[#6:2]=[#8:6].[#7:1].[#8:5]-[#16:4],['rule1178']
386,[#6:1]-[#16:2].[#6:3]1=[#6:4]-[#7:5]-[#6:6]=[#6:7]-[#6:8]-1.[#8:9]=[#8:10]>>[#16:2].[#6:3]1:[#6:8]:[#6:7]:[#6:6]:[#7+:5]:[#6:4]:1.[#6:1]=[#8:10].[#8:9],['rule1206']
387,[#6:1]-[#16+:2].[#6:3]=[#8:4].[#7:5]>>[#16+0:2].[#6:1]-[#8:4]-[#6:3]-[#7:5],['rule0905']
388,[#6:1]-[#6:2]-[#6:3](-[#6:4]-[#6:5])-[#6:6]=[#6:7].[#8:8]>>([#6:1].[#6:4]=[#6:5].[#6:7]-[#6:6]=[#6:3]-[#6:2]-[#8:8]),['rule0971']
389,[#6:1]-[#7:2].[#8:3]=[#6:4]1-[#6:5]=[#6:6]-[#6:7](=[#8:8])-[#6:9]=[#6:10]-1>>[#6:1]=[#7:2].[#8:3]-[#6:4]1:[#6:10]:[#6:9]:[#6:7](-[#8:8]):[#6:6]:[#6:5]:1,['rule0833']
390,[#6:1]-[#16:2]=[#8:3].[#6:4]-[#6:5]-[#8:6].[#8:7]=[#8:8]>>[#6:4]-[#8:7].[#6:1]=[#8:8].[#6:5]=[#8:6].[#8:3]-[#16:2],['rule1212']
391,[#6:1]-[#6:2]=[#6:3].[#6:4]1:[#6:5]:[#6:6]:[#6:7]:[#7+:8]:[#6:9]:1.[#8:10]>>[#6:4]1=[#6:9]-[#7+0:8]-[#6:7]=[#6:6]-[#6:5]-1.[#6:1]=[#6:2]-[#6:3]-[#8:10],['rule0877']
392,[#8:1].[#8:2]-[#15:3]>>[#8:2].[#8:1]-[#15:3],"['rule0014', 'rule0015', 'rule0016', 'rule0017', 'rule0029', 'rule0036', 'rule0037', 'rule0124', 'rule0125', 'rule0215', 'rule0216', 'rule0472', 'rule0473', 'rule0767', 'rule0768', 'rule1221', 'rule1222']"
393,[#6:1]1:[#6:2]:[#6:3]:[#6:4]:[#7+:5]:[#6:6]:1.[#6:7]=[#8:8].[#7:9].[#8:10]>>[#6:7]-[#7:9].[#6:1]1=[#6:6]-[#7+0:5]-[#6:4]=[#6:3]-[#6:2]-1.[#8:10]=[#8:8],['rule0225']
394,([#7:1].[#6:2]-[#7:3])>>[#6:2]-[#7:1].[#7:3],['rule0803']
395,([#6:1]#[#7:2].[#6:3]1-[#6:4]-[#16:5]-1).[#8:6]>>([#6:3]=[#6:4].[#8:6]-[#7:2]=[#6:1]-[#16:5]),['rule0949']
396,[#6:1]=[#6:2]-[#6:3]=[#6:4]-[#8:5].[#8:6]>>[#6:1]-[#6:2](-[#8:6])-[#6:3]-[#6:4]=[#8:5],['rule0615']
397,[#6:1]-[#6:2]1-[#6:3]-[#6:4](-[#6:5])-[#6:6]-1-[#6:7]-[#6:8].[#8:9]>>([#6:1]-[#6:4]-[#6:6]-[#6:2]=[#6:3].[#6:7]=[#6:8].[#6:5]-[#8:9]),['rule0665']
398,[#6:1]=[#6:2].[#8:3]>>[#6:1].[#6:2]=[#8:3],['rule0210']
399,[#6:1]-[#6:2].[#8:3]>>([#6:1].[#6:2]-[#8:3]),"['rule0246', 'rule0415']"
400,[#6:1]1=[#6:2]-[#7:3]-[#6:4]=[#6:5]-[#6:6]-1.[#8:7]-[#8:8]>>[#6:1]1:[#6:6]:[#6:5]:[#6:4]:[#7+:3]:[#6:2]:1.[#8:7].[#8:8],['rule0411']
401,[#6:1]-[#6:2]-[#8:3].[#6:4]-[#7:5].[#8:6]=[#8:7]>>[#6:1]-[#8:6].[#6:2]=[#8:3].[#6:4]=[#8:7].[#7:5],['rule0381']
402,[#6:1]-[#7:2].[#6:3]1=[#6:4]-[#7:5]-[#6:6]=[#6:7]-[#6:8]-1>>[#6:1].[#6:3]1:[#6:8]:[#6:7]:[#6:6]:[#7+:5]:[#6:4]:1.[#7:2],['rule0562']
403,[#6:1]-[#16:2].[#6:3]-[#6:4]-[#8:5]>>[#16:2].[#6:1]-[#6:3].[#6:4]=[#8:5],"['rule0116', 'rule1118']"
404,[#6:1]-[#6:2]-[#6:3]>>([#6:1].[#6:2]=[#6:3]),['rule0185']
405,([#8:1].[#6:2]=[#8:3]).[#8:4]-[#15:5]>>[#8:4].[#8:1]-[#6:2]-[#8:3]-[#15:5],['rule0849']
406,[#7:1]-[#6:2]-[#7:3].[#8:4].[#8:5]-[#15:6]>>([#7:1].[#7:3]).[#6:2]=[#8:5].[#8:4]-[#15:6],['rule1058']
407,[#6:1]-[#6:2].[#6:3]1:[#6:4]:[#6:5]:[#6:6]:[#7+:7]:[#6:8]:1>>[#6:3]1=[#6:8]-[#7+0:7]-[#6:6]=[#6:5]-[#6:4]-1.[#6:1]=[#6:2],['rule0018']
408,[#6:1]-[#7:2].[#6:3]1=[#6:4]-[#7:5]-[#6:6]=[#6:7]-[#6:8]-1>>([#6:1].[#7:2]).[#6:3]1:[#6:8]:[#6:7]:[#6:6]:[#7+:5]:[#6:4]:1,['rule0700']
409,([#6:1].[#6:2]=[#6:3])>>[#6:1]-[#6:2]-[#6:3],['rule0198']
410,[#6:1]-[#6:2].[#8:3]>>[#6:1].[#6:2]-[#8:3],"['rule0085', 'rule0095', 'rule0182', 'rule0263']"
411,[#6:1]-[#8:2].[#6:3]-[#8:4].[#8:5].[#8:6]>>([#6:1].[#8:2]).([#6:3].[#8:4]).[#8:5]=[#8:6],['rule0575']
412,[#6:1]-[#7:2].[#8:3]=[#8:4]>>[#6:1]=[#7:2].[#8:3]-[#8:4],['rule0357']
413,[#6:1]-[#6:2]-[#6:3](-[#6:4]-[#6:5])=[#6:6]-[#6:7]=[#6:8].[#8:9]>>([#6:1]=[#6:2].[#6:4]=[#6:5].[#6:8]-[#6:7]=[#6:6]-[#6:3]-[#8:9]),['rule0601']
414,[#6:1]=[#7:2].[#8:3]-[#8:4]>>[#6:1]-[#7:2].[#8:3]=[#8:4],['rule0407']
415,[#6:1]1:[#6:2]:[#6:3]:[#6:4]:[#7+:5]:[#6:6]:1.[#8:7]-[#8:8]>>[#6:1]1=[#6:2]-[#6:3]=[#6:4]-[#7+0:5]-[#6:6]-1.[#8:7]=[#8:8],['rule0271']
416,([#7:1].[#6:2]1:[#6:3]:[#6:4]:[#7:5]:[#6:6]:1).[#6:7]1=[#6:8]-[#7:9]-[#6:10]=[#6:11]-[#6:12]-1.[#8:13]=[#8:14]>>[#6:11]1:[#6:12]:[#6:7]:[#6:8]:[#7+:9]:[#6:10]:1.[#7:1]-[#6:4]1-[#7:5]-[#6:6]:[#6:2]-[#6:3]-1-[#8:13].[#8:14],['rule0921']
417,[#6:1]1:[#6:2]:[#6:3]:[#6:4]:[#7+:5]:[#6:6]:1.[#8:7]-[#6:8]1-[#6:9]:[#6:10]-[#6:11]=[#6:12]-[#6:13]-1-[#8:14]>>[#6:10]1:[#6:11]:[#6:12]:[#6:13]:[#6:8]:[#6:9]:1.[#6:1]1=[#6:6]-[#7+0:5]-[#6:4]=[#6:3]-[#6:2]-1.[#8:14]=[#8:7],['rule0447']
418,[#6:1].[#6:2]-[#6:3]>>[#6:2].[#6:1]-[#6:3],['rule0126']
419,[#6:1]1-[#6:2]-[#6:3]-[#6:4]=[#6:5]-[#6:6]-1>>([#6:1]=[#6:2].[#6:3]=[#6:4]-[#6:5]=[#6:6]),['rule0864']
420,[#6:1]1=[#6:2]-[#7:3]-[#6:4]=[#6:5]-[#6:6]-1.[#6:7]=[#7:8]>>[#6:7]-[#7:8].[#6:1]1:[#6:6]:[#6:5]:[#6:4]:[#7+:3]:[#6:2]:1,['rule0135']
421,[#6:1]-[#16:2].[#6:3]-[#7:4].[#8:5]>>[#16:2].[#6:1]-[#7:4].[#6:3]-[#8:5],['rule0715']
422,[#16:1].[#16:2].[#6:3]1:[#6:4]:[#6:5]:[#6:6]:[#7+:7]:[#6:8]:1>>[#16:1]-[#16:2].[#6:3]1=[#6:8]-[#7+0:7]-[#6:6]=[#6:5]-[#6:4]-1,"['rule0294', 'rule1053']"
423,[#6:1]=[#8:2].[#6:3]=[#8:4].[#7:5].[#8:6]-[#8:7]>>[#7:5]-[#6:1]-[#6:3]-[#8:4].[#8:2].[#8:6]=[#8:7],['rule1197']
424,([#6:1]-[#8:2].[#6:3]=[#8:4])>>([#6:1]=[#8:2].[#6:3]-[#8:4]),['rule0250']
425,[#6:1]-[#6:2]=[#6:3]-[#6:4].[#6:5]1:[#6:6]:[#6:7]:[#6:8]:[#7+:9]:[#6:10]:1>>[#6:5]1=[#6:10]-[#7+0:9]-[#6:8]=[#6:7]-[#6:6]-1.[#6:1]=[#6:2]-[#6:3]=[#6:4],['rule0358']
426,[#6:1]1=[#6:2]-[#7:3]-[#6:4]=[#6:5]-[#6:6]-1.[#6:7]=[#6:8].[#8:9]=[#8:10]>>[#6:7]1-[#6:8]-[#8:10]-1.[#6:1]1:[#6:6]:[#6:5]:[#6:4]:[#7+:3]:[#6:2]:1.[#8:9],['rule0077']
427,[#16:1].[#6:2]-[#16:3]>>[#16:1]-[#16:3].[#6:2],['rule0359']
428,[#6:1]-[#6:2].[#6:3]=[#8:4].[#8:5]>>[#6:1]-[#6:3]-[#8:4].[#6:2]-[#8:5],"['rule0248', 'rule0989']"
429,[#6:1]=[#8:2].[#8:3]-[#6:4](-[#8:5])-[#6:6]-[#6:7]-[#8:8]>>([#8:3].[#6:7]=[#8:8]).[#8:5]=[#6:4]-[#6:6]-[#6:1]-[#8:2],['rule0592']
430,[#6:1]=[#6:2].[#8:3]>>[#6:1]-[#6:2]-[#8:3],"['rule0020', 'rule0460']"
431,[#6:1]-[#6:2]-[#8:3]>>([#6:1].[#6:2]=[#8:3]),['rule0633']
432,[#6:1]-[#16:2].[#6:3]1=[#6:4]-[#7:5]-[#6:6]=[#6:7]-[#6:8]-1>>[#16:2].[#6:1].[#6:3]1:[#6:8]:[#6:7]:[#6:6]:[#7+:5]:[#6:4]:1,"['rule0143', 'rule1170']"
433,[#6:1]1:[#6:2]:[#6:3]:[#6:4]:[#7+:5]:[#6:6]:1.[#6:7]=[#6:8].[#8:9].[#8:10]>>[#6:7]-[#6:8].[#6:1]1=[#6:6]-[#7+0:5]-[#6:4]=[#6:3]-[#6:2]-1.[#8:10]=[#8:9],['rule0322']
434,[#6:1].[#6:2]1=[#6:3]-[#7:4]-[#6:5]=[#6:6]-[#6:7]-1.[#8:8]=[#8:9]>>[#6:1]-[#8:8].[#6:2]1:[#6:7]:[#6:6]:[#6:5]:[#7+:4]:[#6:3]:1.[#8:9],['rule0004']
435,[#6:1]-[#6:2].[#8:3]=[#8:4]>>[#6:1]-[#8:3].[#6:2]=[#8:4],['rule0444']
436,[#6:1]-[#15:2].[#8:3]>>[#6:1].[#8:3]-[#15:2],['rule0552']
437,[#6:1]=[#6:2]-[#6:3].[#8:4]=[#8:5]>>[#6:3]=[#6:2]-[#6:1]-[#8:4]-[#8:5],['rule0131']
438,([#8:1].[#6:2]=[#6:3]-[#6:4]-[#6:5]-[#6:6]-[#6:7]-[#6:8]).[#8:9]-[#15:10]>>([#6:5]=[#6:6].[#6:7]=[#6:8].[#6:4]=[#6:3]-[#6:2].[#8:1]-[#15:10]).[#8:9],['rule0852']
439,[#16:1].[#6:2]-[#6:3]>>([#6:2].[#6:3]-[#16+:1]),['rule1039']
440,[#6:1]-[#6:2](-[#16:3])=[#7:4]-[#8:5]>>[#6:1]-[#7:4]=[#6:2]=[#16:3].[#8:5],['rule0507']
441,[#16:1].[#16:2].[#6:3]1:[#6:4]:[#7:5]:[#6:6]:[#6:7]:[#7:8]:1>>[#16:1]-[#16:2].[#6:3]1:[#6:4]-[#7:5]-[#6:6]:[#6:7]-[#7:8]-1,['rule1015']
442,[#6:1]-[#6:2](-[#6:3])-[#8:4]-[#8:5]>>[#6:1]-[#8:4]-[#6:2]=[#6:3].[#8:5],['rule0670']
443,([#6:1]=[#6:2].[#6:3]=[#6:4]-[#6:5]-[#6:6]-[#6:7](-[#6:8])=[#6:9]-[#6:10]-[#8:11])>>[#6:1]-[#6:2]-[#6:5]1-[#6:6]2-[#6:3]-[#6:4]-1-[#6:7](=[#6:8])-[#6:9]-[#6:10]-2.[#8:11],['rule0674']
444,[#6:1]1=[#6:2]-[#7:3]-[#6:4]=[#6:5]-[#6:6]-1.[#8:7]=[#6:8]1-[#6:9]=[#6:10]-[#6:11](=[#8:12])-[#6:13]:[#6:14]-1>>[#6:1]1:[#6:6]:[#6:5]:[#6:4]:[#7+:3]:[#6:2]:1.[#8:12]-[#6:11]1:[#6:10]:[#6:9]:[#6:8](-[#8:7]):[#6:14]:[#6:13]:1,['rule0531']
445,[#6:1]-[#8:2].[#7:3]:[#6:4]-[#7:5]>>[#6:1]-[#7:3]:[#6:4]=[#7:5].[#8:2],['rule1049']
446,[#6:1]-[#6:2].[#8:3]=[#8:4]>>[#6:1]=[#6:2].[#8:3]-[#8:4],['rule0109']
447,[#8:1]=[#6:2]-[#6:3]=[#6:4]-[#6:5](=[#8:6])-[#6:7]-[#6:8]=[#8:9]>>[#8:6]-[#6:5]1:[#6:4]:[#6:3]:[#6:2]:[#6:8]:[#6:7]:1.[#8:1]=[#8:9],['rule0308']
448,[#6:1]-[#8:2]-[#6:3]-[#6:4]-[#8:5]>>[#6:1]-[#6:4]-[#6:3]=[#8:2].[#8:5],['rule0882']
449,[#16:1].[#6:2].[#6:3]=[#8:4]>>[#6:2]-[#16+:1].[#6:3]-[#8:4],['rule0883']
450,([#8:1].[#8:2]).[#6:3]=[#6:4]-[#8:5]-[#15:6].[#8:7]-[#15:8]>>([#8:1]-[#15:6].[#8:2]-[#15:8]).[#6:3]-[#6:4]=[#8:5].[#8:7],['rule1086']
451,[#6:1]=[#6:2].[#8:3]-[#6:4]1:[#6:5]:[#6:6]:[#6:7](-[#8:8]):[#6:9]:[#6:10]:1>>[#6:1]-[#6:2].[#8:3]=[#6:4]1-[#6:10]=[#6:9]-[#6:7](=[#8:8])-[#6:6]=[#6:5]-1,['rule1162']
452,[#6:1]=[#6:2]-[#6:3]-[#8:4]-[#8:5]>>[#6:3]=[#6:2]-[#6:1].[#8:4]=[#8:5],['rule0132']
453,[#6:1]-[#6:2]-[#8:3].[#8:4]>>[#6:1].[#6:2]=[#8:4].[#8:3],['rule0731']
454,[#16:1].[#16:2].[#8:3]=[#8:4]>>[#16:1]-[#16:2].[#8:3]-[#8:4],['rule0790']
455,[#6:1]1:[#6:2]:[#6:3]:[#6:4]:[#7+:5]:[#6:6]:1.[#8:7].[#8:8]>>[#6:1]1=[#6:6]-[#7+0:5]-[#6:4]=[#6:3]-[#6:2]-1.[#8:7]-[#8:8],['rule0410']
456,([#8:1].[#8:2]-[#6:3]-[#8:4]).[#6:5]1:[#6:6]:[#6:7]:[#6:8]:[#7+:9]:[#6:10]:1>>([#8:2].[#8:1]-[#6:3]=[#8:4]).[#6:5]1=[#6:10]-[#7+0:9]-[#6:8]=[#6:7]-[#6:6]-1,['rule0471']
457,[#6:1]1=[#6:2]-[#7:3]-[#6:4]=[#6:5]-[#6:6]-1.[#6:7]=[#6:8]-[#8:9].[#8:10]=[#8:11]>>[#6:1]1:[#6:6]:[#6:5]:[#6:4]:[#7+:3]:[#6:2]:1.[#8:10].[#8:9]=[#6:8]-[#6:7]-[#8:11],['rule0944']
458,([#6:1]=[#6:2].[#6:3]=[#6:4]-[#6:5]=[#6:6])>>[#6:1]1-[#6:2]-[#6:3]-[#6:4]=[#6:5]-[#6:6]-1,['rule0865']
459,[#6:1]1=[#6:2]-[#7:3]-[#6:4]=[#6:5]-[#6:6]-1.[#6:7]:[#6:8]-[#7+:9].[#8:10]=[#8:11]>>[#6:1]1:[#6:6]:[#6:5]:[#6:4]:[#7+:3]:[#6:2]:1.[#7+0:9].[#8:10]-[#6:7]:[#6:8]-[#8:11],['rule0178']
460,[#7:1]-[#6:2]-[#6:3]-[#8:4].[#8:5]>>[#6:3]-[#6:2]=[#8:5].[#7:1].[#8:4],['rule0783']
461,[#6:1]=[#6:2]-[#6:3]-[#8:4].[#8:5]>>[#6:3]=[#6:2]-[#6:1]-[#8:5].[#8:4],"['rule0211', 'rule0212']"
462,[#16:1].[#6:2]-[#8:3]>>([#8:3].[#6:2]-[#16:1]),['rule0279']
463,[#8:1]=[#6:2]1-[#6:3]-[#6:4]-[#6:5]=[#6:6]-1>>[#6:4]=[#6:5]-[#6:6]=[#6:2]1-[#6:3]-[#8:1]-1,['rule1043']
464,[#6:1]=[#6:2]-[#8:3].[#8:4]>>[#6:1]-[#6:2]=[#8:4].[#8:3],"['rule0584', 'rule1090']"
465,[#6:1]-[#8:2]-[#8:3]>>([#8:3].[#6:1]=[#8:2]),['rule0811']
466,[#6:1]-[#8:2]-[#6:3]-[#6:4]-[#8:5].[#8:6]-[#8:7]>>[#6:1]-[#8:6].[#6:3]=[#8:2].[#6:4]=[#8:5].[#8:7],['rule0935']
467,[#6:1]-[#6:2]-[#6:3]-[#6:4]-[#8:5]>>([#6:1]=[#6:2].[#6:3]=[#6:4]).[#8:5],['rule0867']
468,([#6:1]=[#6:2].[#6:3]=[#6:4].[#6:5]-[#6:6]=[#6:7]-[#6:8]-[#8:9])>>[#6:1]-[#6:2]-[#6:8](-[#6:3]-[#6:4])=[#6:7]-[#6:6]=[#6:5].[#8:9],['rule0827']
469,[#16:1].[#6:2]-[#16:3]>>[#16:3].[#6:2]-[#16:1],"['rule0176', 'rule0382', 'rule0383', 'rule0465', 'rule0466']"
470,[#6:1]-[#6:2]=[#8:3].[#7:4].[#8:5]>>[#7:4]-[#6:2]-[#6:1]-[#8:5].[#8:3],['rule0782']
471,([#6:1]-[#6:2]-[#6:3].[#6:4]1-[#6:5]-[#6:6]-1).[#16:7]>>([#6:1]-[#6:3].[#6:4]=[#6:5]-[#6:6]).[#6:2]-[#16+:7],['rule1182']
472,[#6:1]-[#16:2].[#6:3]1=[#6:4]-[#7:5]-[#6:6]=[#6:7]-[#6:8]-1.[#6:9]=[#8:10]>>[#16:2].[#6:1]-[#6:9]-[#8:10].[#6:3]1:[#6:8]:[#6:7]:[#6:6]:[#7+:5]:[#6:4]:1,"['rule0270', 'rule0707']"
473,[#6:1]-[#8:2].[#6:3]1:[#6:4]:[#6:5]:[#6:6]:[#8:7]:[#6:8]:1.[#6:9]=[#8:10].[#8:11]>>[#6:1]-[#6:9]-[#8:10].[#6:4]1-[#6:3]:[#6:8]-[#8:7]-[#6:6]-[#6:5]-1.[#8:11]=[#8:2],['rule0323']
474,[#16:1].[#6:2].[#6:3]-[#6:4]>>([#6:3].[#6:4]).[#6:2]-[#16+:1],['rule0825']
475,[#6:1]#[#7:2].[#8:3]>>[#6:1]=[#7:2]-[#8:3],['rule0305']
476,([#6:1]=[#6:2]-[#6:3]=[#6:4].[#8:5]-[#8:6])>>[#8:5]-[#6:1]-[#6:2]=[#6:3]-[#6:4]-[#8:6],['rule0906']
477,[#16:1].[#6:2]-[#6:3]>>[#6:2].[#6:3]-[#16:1],"['rule0086', 'rule0275', 'rule0349', 'rule1073']"
478,[#6:1]1:[#6:2]:[#6:3]:[#6:4]:[#7+:5]:[#6:6]:1.[#6:7]=[#7:8].[#8:9].[#8:10]>>([#7:8].[#8:10]=[#6:7]-[#8:9]).[#6:1]1=[#6:6]-[#7+0:5]-[#6:4]=[#6:3]-[#6:2]-1,['rule0332']
479,[#6:1]-[#7:2].[#8:3].[#8:4]=[#8:5]>>[#6:1]=[#8:3].[#7:2].[#8:4]-[#8:5],"['rule0092', 'rule0113']"
480,[#6:1]-[#6:2]-[#8:3].[#6:4]1=[#6:5]-[#7:6]-[#6:7]=[#6:8]-[#6:9]-1.[#8:10]=[#8:11]>>[#6:1]-[#8:10].[#6:4]1:[#6:9]:[#6:8]:[#6:7]:[#7+:6]:[#6:5]:1.[#6:2]=[#8:3].[#8:11],"['rule0188', 'rule0959']"
481,[#16:1].[#6:2]-[#8:3]>>[#6:2]-[#16+:1].[#8:3],"['rule0010', 'rule0405', 'rule0757']"
482,[#6:1]-[#16+:2].[#7:3]>>[#16+0:2].[#6:1]-[#7+:3],['rule0121']
483,([#8:1].[#6:2]=[#8:3])>>[#6:2]-[#8:3]-[#8:1],['rule0810']
484,[#6:1]-[#7:2].[#6:3]1:[#6:4]:[#6:5]:[#6:6]:[#7+:7]:[#6:8]:1>>[#6:3]1=[#6:8]-[#7+0:7]-[#6:6]=[#6:5]-[#6:4]-1.[#6:1]=[#7+:2],['rule0235']
485,([#6:1]=[#6:2].[#6:3]-[#8:4]).[#8:5]>>[#6:3]-[#6:1]-[#6:2]-[#8:5].[#8:4],['rule0369']
486,([#6:1]-[#6:2].[#6:3]=[#6:4]-[#6:5]).[#6:6]-[#16+:7]>>([#6:1]-[#6:6]-[#6:2].[#6:3]1-[#6:4]-[#6:5]-1).[#16+0:7],['rule1183']
487,([#7:1].[#7:2]).[#6:3]=[#8:4]>>[#7:1]-[#6:3]-[#7:2].[#8:4],['rule0952']
488,[#6:1].[#6:2]-[#7:3]-[#6:4]-[#7:5]>>([#7:5].[#6:2]=[#7:3]).[#6:1]-[#6:4],['rule0779']
489,[#6:1]=[#6:2]-[#8:3]-[#15:4].[#6:5]=[#8:6].[#8:7]>>[#8:7]-[#15:4].[#8:3]=[#6:2]-[#6:1]-[#6:5]-[#8:6],['rule0451']
490,[#6:1]=[#8:2].[#7:3].[#7:4]>>[#7:3]-[#6:1]-[#7:4].[#8:2],['rule0207']
491,([#6:1]=[#6:2]-[#6:3].[#6:4]-[#8:5])>>[#6:3]=[#6:2]-[#6:1]-[#6:4].[#8:5],['rule0278']
492,[#6:1]=[#8:2].[#6:3]=[#8:4].[#8:5]>>[#6:1]-[#6:3]-[#8:4].[#8:2]=[#8:5],['rule0351']
493,[#6:1]-[#7:2].[#8:3].[#8:4].[#8:5]-[#15:6]>>([#7:2].[#6:1]-[#8:3]).[#8:5].[#8:4]-[#15:6],['rule0737']
494,[#7:1]-[#6:2]-[#8:3]>>[#6:2]=[#8:3].[#7:1],"['rule0484', 'rule1144']"
495,[#6:1].[#6:2]1:[#6:3]:[#6:4]:[#6:5]:[#7+:6]:[#6:7]:1.[#8:8]>>[#6:1]-[#8:8].[#6:2]1=[#6:7]-[#7+0:6]-[#6:5]=[#6:4]-[#6:3]-1,"['rule0026', 'rule0267', 'rule0837']"
496,[#6:1].[#7:2]-[#6:3]-[#7:4].[#8:5]>>([#7:2].[#7:4]).[#6:1]-[#6:3]-[#8:5],['rule0301']
497,[#8:1]-[#6:2]-[#8:3]>>[#6:2]=[#8:1].[#8:3],"['rule0140', 'rule0651']"
498,([#8:1]-[#15:2].[#8:3]-[#15:4]).[#6:5]-[#6:6]=[#8:7].[#8:8]>>([#8:1].[#8:3]).[#6:5]=[#6:6]-[#8:7]-[#15:2].[#8:8]-[#15:4],['rule1087']
499,[#6:1]=[#8:2].[#8:3]-[#8:4]>>[#6:1]-[#8:2].[#8:3]=[#8:4],['rule0078']
500,[#6:1].[#8:2]=[#8:3]>>[#6:1]=[#8:2].[#8:3],['rule0174']
501,[#16:1].[#16:2].[#6:3]-[#7:4]-[#6:5]>>[#6:3]-[#16+:1].[#6:5]-[#16+:2].[#7:4],['rule0227']
502,[#6:1]1:[#6:2]:[#6:3]:[#6:4]:[#6:5]:[#6:6]:1.[#6:7]1=[#6:8]-[#7:9]-[#6:10]=[#6:11]-[#6:12]-1.[#6:13]=[#8:14]>>[#6:11]1:[#6:12]:[#6:7]:[#6:8]:[#7+:9]:[#6:10]:1.[#8:14]-[#6:13]-[#6:1]1-[#6:2]=[#6:3]-[#6:4]-[#6:5]=[#6:6]-1,['rule0399']
503,[#6:1]=[#6:2]-[#6:3]=[#6:4].[#8:5]-[#8:6]>>[#6:1]-[#6:2]=[#6:3]-[#6:4].[#8:5]=[#8:6],['rule0939']
504,[#8:1]-[#6:2]-[#16:3]>>[#16:3].[#6:2]=[#8:1],['rule0437']
505,[#6:1]-[#8:2]-[#6:3]>>([#6:1].[#6:3]=[#8:2]),['rule0190']
506,[#6:1]-[#8:2].[#6:3]-[#8:4]>>[#6:1].[#6:3]=[#8:4].[#8:2],['rule0414']
507,[#6:1]=[#8:2].[#7:3]>>[#7:3]-[#6:1]-[#8:2],"['rule0483', 'rule1143']"
508,([#6:1]=[#6:2].[#6:3]-[#6:4]=[#6:5]-[#6:6]-[#8:7])>>[#6:1]-[#6:2]1-[#6:6]-[#6:5]-1-[#6:4]=[#6:3].[#8:7],['rule0319']
509,[#6:1]-[#6:2]-[#8:3].[#6:4]=[#8:5]>>[#6:1]-[#6:4]-[#8:5].[#6:2]=[#8:3],"['rule0204', 'rule0273', 'rule0274']"
510,[#16:1].[#6:2]-[#6:3]=[#6:4]>>[#6:4]-[#16+:1].[#6:2]=[#6:3],['rule0545']
511,[#6:1].[#6:2]1:[#6:3]:[#6:4]:[#6:5]:[#7+:6]:[#6:7]:1.[#6:8]1:[#6:9]:[#6:10]:[#6:11]:[#7+:12]:[#6:13]:1.[#8:14]>>[#6:10]1=[#6:11]-[#7+0:12]-[#6:13]=[#6:8]-[#6:9]-1.[#6:2]1=[#6:7]-[#7+0:6]-[#6:5]=[#6:4]-[#6:3]-1.[#6:1]=[#8:14],['rule0165']
512,[#6:1]-[#6:2](-[#8:3])-[#6:4]-[#6:5]=[#8:6]>>[#6:1]=[#6:2]-[#6:4]=[#6:5]-[#8:6].[#8:3],['rule0464']
513,[#6:1]1=[#6:2]-[#7:3]-[#6:4]=[#6:5]-[#6:6]-1.[#8:7]=[#6:8]1-[#6:9]=[#6:10]-[#6:11](=[#8:12])-[#6:13]=[#6:14]-1>>[#6:1]1:[#6:6]:[#6:5]:[#6:4]:[#7+:3]:[#6:2]:1.[#8:12]-[#6:11]1:[#6:10]:[#6:9]:[#6:8](-[#8:7]):[#6:14]:[#6:13]:1,['rule0542']
514,[#7:1]-[#6:2]-[#6:3]-[#8:4].[#8:5]>>[#6:3]-[#6:2](-[#8:4])-[#8:5].[#7:1],['rule0787']
515,[#6:1]1:[#6:2]:[#6:3]:[#6:4]:[#6:5]:[#6:6]:1.[#6:7]1=[#6:8]-[#7:9]-[#6:10]=[#6:11]-[#6:12]-1.[#8:13]=[#8:14]>>[#6:11]1:[#6:12]:[#6:7]:[#6:8]:[#7+:9]:[#6:10]:1.[#8:13]-[#6:1]1-[#6:2]:[#6:3]-[#6:4]=[#6:5]-[#6:6]-1-[#8:14],['rule0094']
516,[#6:1]-[#6:2]-[#6:3]=[#8:4].[#8:5]>>[#6:1]-[#8:4]-[#6:3]-[#6:2]-[#8:5],['rule0881']
517,[#6:1]#[#7:2].[#6:3]1=[#6:4]-[#7:5]-[#6:6]=[#6:7]-[#6:8]-1.[#6:9]1=[#6:10]-[#7:11]-[#6:12]=[#6:13]-[#6:14]-1>>[#6:1]-[#7:2].[#6:13]1:[#6:14]:[#6:9]:[#6:10]:[#7+:11]:[#6:12]:1.[#6:3]1:[#6:8]:[#6:7]:[#6:6]:[#7+:5]:[#6:4]:1,['rule1213']
518,([#7:1].[#6:2]-[#7+:3])>>[#6:2]-[#7+:1].[#7+0:3],['rule0624']
519,([#8:1].[#6:2]-[#8:3]).[#6:4]-[#8:5]>>([#6:2]-[#8:5].[#6:4]-[#8:1]).[#8:3],['rule1088']
520,[#16:1].[#6:2]-[#8:3]>>[#6:2]-[#16:1].[#8:3],"['rule0021', 'rule0059', 'rule0061', 'rule0089', 'rule0197', 'rule0254', 'rule0723', 'rule0806', 'rule1021']"
521,[#6:1]=[#8:2].[#7:3].[#8:4]-[#8:5]>>[#6:1]-[#7+:3].[#8:2].[#8:4]=[#8:5],['rule1083']
522,[#16:1].[#8:2]=[#8:3]>>[#8:2]=[#16:1]-[#8:3],['rule0401']
523,[#6:1]-[#6:2]-[#7:3].[#8:4]>>([#6:1].[#7:3]).[#6:2]=[#8:4],['rule0343']
524,[#6:1]-[#6:2]-[#6:3]=[#6:4].[#8:5]>>[#6:1]-[#8:5].[#6:2]=[#6:3]-[#6:4],['rule0548']
525,([#6:1]-[#8:2].[#6:3]-[#8:4]).[#6:5]=[#8:6]>>([#6:1].[#6:3]-[#6:5]-[#8:6]).[#8:2]=[#8:4],['rule0445']
526,[#6:1]-[#16+:2].[Se:3]>>[#16+0:2].[#6:1]-[Se:3],['rule0831']
527,[#6:1]=[#6:2]-[#6:3]=[#6:4]-[#7:5].[#8:6]>>[#6:1]-[#6:2]=[#6:3]-[#6:4]=[#8:6].[#7:5],['rule0739']
528,[#7:1]-[#16:2].[#8:3]>>[#7:1].[#8:3]-[#16:2],"['rule0777', 'rule1070']"
529,[#6:1].[#6:2]=[#8:3].[#8:4]-[#6:5]1:[#6:6]:[#6:7]:[#6:8](-[#8:9]):[#6:10]:[#6:11]:1.[#8:12]=[#8:13]>>[#6:1]-[#6:2]-[#8:3].[#8:12].[#8:4]=[#6:5]1-[#6:11]:[#6:10]-[#6:8](=[#8:9])-[#6:7]2-[#8:13]-[#6:6]-1-2,['rule1105']
530,([#8:1].[#6:2]-[#6:3]-[#6:4](-[#8:5])-[#8:6]).[#8:7]>>([#8:5].[#6:2]-[#8:1]).[#6:3]=[#6:4]-[#8:7].[#8:6],['rule0287']
531,([#8:1].[#6:2]-[#16:3])>>[#16:3].[#6:2]-[#8:1],['rule0280']
532,[#6:1]-[#6:2]-[#6:3]-[#6:4].[#8:5]>>([#6:1].[#6:2]=[#6:3].[#6:4]-[#8:5]),['rule0314']
533,([#6:1].[#8:2]).([#6:3].[#8:4]).[#8:5]=[#8:6]>>[#6:1]-[#8:2].[#6:3]-[#8:4].[#8:5].[#8:6],['rule0576']
534,[#6:1]1:[#6:2]:[#6:3]:[#7+:4]:[#6:5]:[#6:6]:1.[#8:7]-[#8:8].[#8:9]-[#8:10]>>[#6:1]1:[#6:2]-[#6:3]-[#7+0:4]-[#6:5]-[#6:6]-1.[#8:10]=[#8:9].[#8:7]=[#8:8],['rule0675']
535,[#8:1].[#8:2]-[#15:3]>>([#8:2].[#8:1]-[#15:3]),"['rule0550', 'rule0568']"
536,[#6:1]-[#6:2]-[#6:3]=[#6:4].[#8:5]>>([#6:2]=[#6:3]-[#6:4].[#6:1]-[#8:5]),['rule0277']
537,[#6:1]=[#6:2].[#7:3]>>[#6:1]-[#6:2]-[#7:3],"['rule0257', 'rule0303']"
538,[#6:1]=[#6:2]-[#6:3]=[#6:4]-[#6:5]=[#6:6]-[#6:7]-[#8:8].[#8:9]>>([#8:8].[#6:7]=[#6:6]-[#6:5]=[#6:4]-[#6:3]=[#6:2]-[#6:1]-[#8:9]),['rule0478']
539,([#6:1]=[#6:2].[#6:3]=[#6:4]-[#6:5].[#6:6]-[#8:7])>>[#6:1]-[#6:2]-[#6:6]-[#6:3]-[#6:4]=[#6:5].[#8:7],['rule0220']
540,[#6:1]=[#6:2]-[#6:3]=[#6:4]-[#8:5]>>[#6:1]-[#6:2]=[#6:3]-[#6:4]=[#8:5],['rule0390']
541,[#6:1]-[#8:2].[#6:3]=[#8:4].[#6:5]=[#8:6].[#7:7]>>[#6:1]-[#6:3]-[#8:4].[#6:5]-[#7:7].[#8:2]=[#8:6],['rule0380']
542,[#6:1]1:[#6:2]:[#6:3]:[#7:4]:[#6:5]:[#7:6]:1.[#6:7]1=[#6:8]-[#7:9]-[#6:10]=[#6:11]-[#6:12]-1>>[#6:1]1-[#6:2]-[#6:3]-[#7:4]-[#6:5]-[#7:6]-1.[#6:11]1:[#6:12]:[#6:7]:[#6:8]:[#7+:9]:[#6:10]:1,['rule0193']
543,[#6:1]-[#6:2]=[#6:3]-[#6:4]-[#8:5]>>[#6:1]=[#6:2]-[#6:3]=[#6:4].[#8:5],"['rule0230', 'rule0622']"
544,[#6:1]=[#6:2]-[#8:3]-[#15:4]-[#8:5].[#7:6]>>[#6:1]-[#6:2]=[#8:5].[#7:6]-[#15:4]-[#8:3],['rule0725']
545,[#6:1]=[#6:2]-[#8:3]-[#6:4]-[#8:5].[#8:6]>>([#6:4]=[#8:3].[#6:1]-[#6:2]=[#8:6]).[#8:5],['rule1148']
546,[#6:1]-[#6:2].[#6:3]1=[#6:4]-[#7:5]-[#6:6]=[#6:7]-[#6:8]-1.[#8:9]=[#8:10]>>[#6:3]1:[#6:8]:[#6:7]:[#6:6]:[#7+:5]:[#6:4]:1.[#6:1]=[#6:2].[#8:10].[#8:9],['rule0266']
547,[#6:1]1=[#6:2]-[#6:3]=[#6:4]-[#7:5]-[#6:6]-1.[#8:7]=[#8:8]>>[#6:1]1:[#6:2]:[#6:3]:[#6:4]:[#7+:5]:[#6:6]:1.[#8:7]-[#8:8],['rule0522']
548,[#6:1]-[#6:2]=[#8:3].[#7:4].[#7:5]>>[#7:4]-[#6:1]-[#6:2]-[#7:5].[#8:3],['rule1037']
549,[#8:1]-[#8:2].[#8:3]=[#16:4]>>[#16:4].[#8:3].[#8:1]=[#8:2],['rule0537']
550,[#6:1]-[#7:2].[#6:3]1:[#6:4]:[#6:5]:[#6:6]:[#7+:7]:[#6:8]:1>>[#6:3]1=[#6:8]-[#7+0:7]-[#6:6]=[#6:5]-[#6:4]-1.[#6:1]=[#7:2],['rule0119']
551,[#6:1]-[#8:2].[#6:3]1:[#6:4]:[#6:5]:[#6:6]:[#7+:7]:[#6:8]:1.[#6:9]=[#8:10].[#8:11]>>[#6:1]-[#6:9]-[#8:10].[#6:3]1=[#6:8]-[#7+0:7]-[#6:6]=[#6:5]-[#6:4]-1.[#8:11]=[#8:2],"['rule0187', 'rule0958']"
552,[#16:1].[#6:2]-[#6:3]-[#8:4].[#6:5]1:[#6:6]:[#6:7]:[#6:8]:[#7+:9]:[#6:10]:1>>[#6:2]-[#16:1].[#6:5]1=[#6:10]-[#7+0:9]-[#6:8]=[#6:7]-[#6:6]-1.[#6:3]=[#8:4],"['rule0269', 'rule0706']"
553,[#6:1]-[#6:2]=[#6:3]-[#6:4]-[#6:5]-[#6:6].[#8:7]>>([#6:1]=[#6:2].[#6:5]=[#6:6].[#6:4]-[#6:3]-[#8:7]),['rule0889']
554,[#6:1]-[#8:2]-[#8:3]>>[#6:1]=[#8:2].[#8:3],['rule0434']
555,[#6:1]-[#7:2]:[#6:3]=[#7:4].[#8:5]>>[#6:1]-[#8:5].[#7:2]:[#6:3]-[#7:4],['rule1050']
556,[#6:1]-[#6:2]=[#16+:3]>>[#6:1]=[#6:2]-[#16+0:3],['rule0863']
557,([#7:1].[#6:2]1:[#6:3]:[#6:4]:[#7:5]:[#6:6]:1).[#6:7]=[#6:8]-[#6:9]-[#8:10]>>[#6:9]=[#6:8]-[#6:7]-[#6:2]1-[#6:3]:[#6:4]-[#7:5]-[#6:6]-1-[#7:1].[#8:10],['rule0526']
558,[#6:1]=[#8:2].[#8:3]>>[#6:1]-[#8:2]-[#8:3],['rule0433']
559,[#6:1].[#6:2]1:[#6:3]:[#6:4]:[#6:5]:[#7+:6]:[#6:7]:1.[#7:8]>>[#6:1]-[#7:8].[#6:2]1=[#6:7]-[#7+0:6]-[#6:5]=[#6:4]-[#6:3]-1,['rule0561']
560,[#6:1]-[#6:2]-[#16:3]>>[#16:3].[#6:1]=[#6:2],['rule0373']
561,[#6:1]1-[#6:2]-[#6:3]-1.[#8:4]>>[#6:1]-[#8:4].[#6:2]=[#6:3],['rule0721']
562,[#6:1]-[#6:2]-[#6:3]1-[#6:4]2-[#6:5]-[#6:6]-1-[#6:7](=[#6:8])-[#6:9]-[#6:10]-2.[#8:11]>>([#6:1]=[#6:2].[#6:5]=[#6:6]-[#6:3]-[#6:4]-[#6:7](-[#6:8])=[#6:9]-[#6:10]-[#8:11]),['rule0673']
563,[#6:1]-[#6:2]-[#8:3].[#6:4]=[#6:5].[#8:6]=[#8:7]>>[#6:1]-[#8:6].[#6:4]1-[#6:5]-[#8:7]-1.[#6:2]=[#8:3],['rule0424']
564,[#8:1]-[#6:2]1:[#6:3]:[#6:4]:[#6:5]:[#6:6]:[#6:7]:1.[#8:8]=[#8:9]>>[#8:8]=[#6:4]-[#6:5]=[#6:6]-[#6:7]-[#6:2](=[#8:1])-[#6:3]=[#8:9],['rule1064']
565,[#6:1]-[#16:2].[#7:3]>>[#16:2].[#6:1]-[#7+:3],['rule1017']
566,[#6:1]-[#16:2]=[#8:3].[#8:4]>>[#6:1]-[#8:4].[#8:3]-[#16:2],['rule0741']
567,[#7:1].[#7:2]-[#6:3]=[#8:4]>>[#7:1]-[#6:3]=[#7:2].[#8:4],['rule0158']
568,[#6:1]-[#6:2]=[#8:3].[#6:4]1=[#6:5]-[#7:6]-[#6:7]=[#6:8]-[#6:9]-1.[#6:10]=[#8:11]>>[#6:4]1:[#6:9]:[#6:8]:[#6:7]:[#7+:6]:[#6:5]:1.[#8:11]-[#6:10]-[#6:1]-[#6:2]-[#8:3],['rule0080']
569,[#6:1]-[#7:2].[#7:3]>>[#6:1]-[#7+:3].[#7:2],['rule0719']
570,([#6:1].[#6:2].[#8:3]).[#8:4]=[#8:5]>>([#6:1]-[#8:3].[#6:2]-[#8:4]).[#8:5],['rule0969']
571,([#6:1].[#6:2]=[#6:3]-[#6:4]).[#8:5]=[#8:6]>>[#6:1]-[#6:2]-[#6:3]=[#6:4].[#8:5]-[#8:6],['rule0961']
572,[#6:1]-[#6:2]-[#6:3]-[#6:4]>>[#6:1]-[#6:3]-[#6:2]-[#6:4],['rule0936']
573,[#7:1]-[#6:2]=[#7+:3].[#8:4]>>([#7:1].[#7+0:3]-[#6:2]=[#8:4]),['rule0585']
574,[#6:1]1:[#6:2]:[#6:3]:[#6:4]:[#7+:5]:[#6:6]:1.[#8:7]-[#6:8]1:[#6:9]:[#6:10]:[#6:11](-[#8:12]):[#6:13]:[#6:14]:1>>[#6:1]1=[#6:6]-[#7+0:5]-[#6:4]=[#6:3]-[#6:2]-1.[#8:12]=[#6:11]1-[#6:10]=[#6:9]-[#6:8](=[#8:7])-[#6:14]:[#6:13]-1,['rule0295']
575,([#7:1].[#7:2]).[#6:3]-[#6:4]-[#8:5]>>[#6:3].[#7:1]-[#6:4]-[#7:2].[#8:5],['rule0300']
576,[#6:1]1:[#6:2]:[#6:3]:[#6:4]:[#6:5]:[#6:6]:1.[#6:7]1=[#6:8]-[#7:9]-[#6:10]=[#6:11]-[#6:12]-1.[#8:13]=[#8:14]>>[#6:11]1:[#6:12]:[#6:7]:[#6:8]:[#7+:9]:[#6:10]:1.[#6:1]1=[#6:2]-[#6:3]2-[#8:13]-[#6:4]-2-[#6:5]=[#6:6]-1.[#8:14],['rule0951']
577,[#6:1]=[#6:2]-[#6:3]=[#6:4].[#8:5]>>[#6:1]-[#6:2]=[#6:3]-[#6:4]-[#8:5],"['rule0229', 'rule0621']"
578,([#6:1].[#6:2]-[#8:3])>>([#8:3].[#6:1]-[#6:2]),['rule0802']
579,[#6:1]1:[#6:2]:[#6:3]:[#6:4]:[#7+:5]:[#6:6]:1.[#8:7]-[#6:8]-[#6:9]1-[#6:10]=[#6:11]-[#6:12]-[#6:13]=[#6:14]-1>>[#6:10]1:[#6:11]:[#6:12]:[#6:13]:[#6:14]:[#6:9]:1.[#6:1]1=[#6:6]-[#7+0:5]-[#6:4]=[#6:3]-[#6:2]-1.[#6:8]=[#8:7],['rule0398']
580,[#6:1]=[#6:2]-[#6:3]=[#6:4]-[#6:5](-[#6:6])-[#6:7].[#8:8]>>([#6:1]-[#6:2]=[#6:3].[#6:6]-[#6:4]=[#6:5]-[#6:7]-[#8:8]),['rule0746']
581,([#7:1].[#6:2]=[#7:3]).[#6:4]-[#6:5]>>[#6:4].[#6:2]-[#7:3]-[#6:5]-[#7:1],['rule0778']
582,([#6:1].[#7:2]-[#8:3])>>([#7:2].[#6:1]-[#8:3]),['rule0392']
583,[#8:1].[#8:2]-[#6:3]-[#8:4]-[#15:5]>>([#8:2].[#6:3]=[#8:4]).[#8:1]-[#15:5],['rule0848']
584,[#16:1].[#8:2]-[#6:3]-[#6:4]-[#6:5]-[#8:6]>>[#6:4]-[#6:3]-[#16:1].[#6:5]=[#8:6].[#8:2],['rule0136']
585,[#6:1]-[#7:2].[#6:3]1=[#6:4]-[#7:5]-[#6:6]=[#6:7]-[#6:8]-1.[#6:9]=[#8:10]>>[#6:9]-[#7:2].[#6:1]-[#8:10].[#6:3]1:[#6:8]:[#6:7]:[#6:6]:[#7+:5]:[#6:4]:1,['rule0788']
586,[#6:1]-[#6:2]-[#8:3].[#8:4]=[#8:5]>>[#6:1]=[#8:4].[#6:2]=[#8:3].[#8:5],['rule0352']
587,[#6:1]-[#7:2]-[#6:3]=[#6:4]-[#6:5]-[#8:6].[#8:7].[#8:8]>>[#6:4]-[#6:3]=[#8:7].[#6:1]-[#8:8].[#6:5]=[#8:6].[#7:2],['rule0733']
588,[#6:1]=[#6:2].[#8:3]-[#8:4]>>[#6:1]-[#6:2].[#8:3]=[#8:4],['rule0114']
589,([#6:1]=[#6:2].[#6:3]=[#6:4]-[#6:5].[#6:6]-[#6:7]=[#6:8]-[#6:9]-[#8:10])>>[#6:1]-[#6:2]-[#6:9]1-[#6:5]-[#6:4](=[#6:6])-[#6:3]-[#6:8]-1-[#6:7].[#8:10],['rule0970']
590,[#6:1]-[#6:2]-[#6:3]-[#6:4]-[#6:5]-[#6:6]-[#6:7]-[#6:8]-[#6:9]-[#6:10]-[#6:11]-[#6:12]=[#6:13]>>([#6:1]=[#6:2].[#6:5]=[#6:6].[#6:10]=[#6:9].[#6:3]=[#6:4].[#6:7]=[#6:8].[#6:11]=[#6:12]-[#6:13]),['rule1041']
591,[#7:1].[#7:2]-[#6:3]=[#8:4].[#8:5]-[#15:6]>>[#7:1]-[#6:3]=[#7:2].[#8:5].[#8:4]-[#15:6],['rule0764']
592,[#6:1]-[#8:2].[#6:3]=[#8:4]>>[#6:3]-[#8:4].[#6:1]=[#8:2],['rule0324']
593,[#6:1]-[#6:2](-[#6:3])-[#8:4].[#6:5]1:[#6:6]:[#6:7]:[#6:8]:[#7+:9]:[#6:10]:1>>[#6:1]-[#6:3]-[#6:2]=[#8:4].[#6:5]1=[#6:10]-[#7+0:9]-[#6:8]=[#6:7]-[#6:6]-1,['rule0347']
594,[#6:1]-[#6:2]=[#6:3]-[#6:4]-[#6:5]-[#8:6].[#8:7]>>([#6:4]=[#6:5].[#6:1]=[#6:2]-[#6:3]-[#8:7]).[#8:6],['rule1194']
595,[#7:1].[#8:2]-[#15:3]>>[#7:1]-[#15:3].[#8:2],"['rule0058', 'rule0224', 'rule0376', 'rule0486', 'rule1135']"
596,[#6:1]-[#8:2].[#8:3]-[#15:4]>>[#6:1]-[#8:3].[#8:2]-[#15:4],"['rule0431', 'rule0517']"
597,([#8:1].[#6:2]-[#6:3]-[#6:4]-[#6:5]-[#6:6]-[#6:7]-[#6:8]-[#6:9](-[#6:10]-[#6:11])-[#6:12]-[#6:13]=[#6:14])>>([#6:2]-[#8:1].[#6:5]=[#6:6].[#6:3]=[#6:4].[#6:7]=[#6:8].[#6:10]=[#6:9]-[#6:11].[#6:12]=[#6:13]-[#6:14]),['rule1112']
598,[#6:1]=[#6:2]-[#8:3]>>[#6:1]-[#6:2]=[#8:3],['rule0175']
599,[#8:1]=[#6:2]-[#6:3]=[#6:4]-[#6:5]:[#6:6]-[#6:7]=[#8:8]>>[#6:2]1:[#6:3]:[#6:4]:[#6:5]:[#6:6]:[#6:7]:1.[#8:1]=[#8:8],['rule1001']
600,[#6:1]-[#6:2]-[#6:3](-[#6:4])-[#6:5]-[#6:6]=[#6:7]-[#6:8](-[#6:9])-[#6:10]-[#6:11](-[#6:12])-[#6:13]-[#8:14]>>([#6:1]=[#6:2].[#6:5]=[#6:6].[#6:10]=[#6:11]-[#6:13].[#6:9]=[#6:8]-[#6:7].[#6:12]-[#6:3]1-[#6:4]-[#8:14]-1),['rule1074']
601,[#6:1]1=[#6:2]-[#7:3]-[#6:4]=[#6:5]-[#6:6]-1.[#6:7]:[#6:8]-[#7:9].[#8:10]=[#8:11]>>[#6:1]1:[#6:6]:[#6:5]:[#6:4]:[#7+:3]:[#6:2]:1.[#7:9].[#8:10]-[#6:7]:[#6:8]-[#8:11],['rule0541']
602,[#6:1]1=[#6:2]-[#7:3]-[#6:4]=[#6:5]-[#6:6]-1.[#8:7]=[#6:8]1:[#6:9]:[#6:10]:[#6:11]:[#6:12]:[#8:13]:1>>[#6:1]1:[#6:6]:[#6:5]:[#6:4]:[#7+:3]:[#6:2]:1.[#8:7]-[#6:8]1-[#6:9]=[#6:10]-[#6:11]=[#6:12]-[#8:13]-1,['rule1008']
603,([#7:1].[#8:2]=[#6:3]-[#8:4]).[#6:5]1=[#6:6]-[#7:7]-[#6:8]=[#6:9]-[#6:10]-1>>[#6:5]1:[#6:10]:[#6:9]:[#6:8]:[#7+:7]:[#6:6]:1.[#6:3]=[#7:1].[#8:2].[#8:4],['rule0333']
604,[#6:1]-[#6:2]-[#6:3]-[#6:4]-[#6:5]=[#6:6].[#8:7]>>([#6:1]=[#6:2].[#6:4]=[#6:5]-[#6:6].[#6:3]-[#8:7]),['rule0219']
605,([#6:1]=[#6:2].[#6:3]-[#6:4]=[#6:5])>>[#6:3]=[#6:4]-[#6:5]-[#6:1]-[#6:2],['rule0504']
606,[#6:1]-[#6:2]-[#8:3]>>([#8:3].[#6:1]=[#6:2]),['rule0088']
607,[#6:1].[#6:2]=[#6:3]>>[#6:1]-[#6:2]-[#6:3],['rule0374']
608,([#7:1].[#6:2]-[#8:3])>>([#6:2].[#7:1]-[#8:3]),['rule0391']
609,[#6:1]-[#6:2]-[#8:3]>>[#6:1].[#6:2]=[#8:3],"['rule0024', 'rule0053', 'rule0256', 'rule0394']"
610,[#6:1]1-[#6:2]-[#6:3]-[#6:4]2-[#6:5]-[#6:6]-1-2.[#8:7]>>([#6:1]=[#6:2].[#6:5]-[#6:6]=[#6:4]-[#6:3]-[#8:7]),['rule0596']
611,[#6:1]-[#6:2]-[#16:3].[#6:4]=[#8:5].[#8:6]>>[#16:3].[#8:5]-[#6:4]-[#6:1]-[#6:2]-[#8:6],['rule0137']
612,([#6:1]-[#6:2](-[#6:3])-[#6:4]-[#6:5].[#6:6]-[#6:7]-[#6:8]=[#6:9]).[#8:10]>>([#6:1]-[#6:3].[#6:5]=[#6:4]-[#6:2].[#6:7]=[#6:8]-[#6:9].[#6:6]-[#8:10]),['rule0765']
613,[#6:1]-[#6:2](-[#8:3])-[#8:4].[#7:5]>>[#7:5]-[#6:2]-[#6:1]-[#8:3].[#8:4],['rule0786']
614,[#16:1].[#6:2]-[#7+:3]>>[#6:2]-[#16:1].[#7+0:3],['rule1018']
615,[#6:1]-[#6:2]-[#6:3].[#6:4]=[#8:5]>>[#6:1]-[#6:4]-[#8:5].[#6:2]=[#6:3],['rule0292']
616,[#6:1]1:[#6:2]:[#6:3]:[#6:4]:[#7+:5]:[#6:6]:1.[#7:7]-[#6:8]:[#6:9]-[#7:10]>>[#6:1]1=[#6:6]-[#7+0:5]-[#6:4]=[#6:3]-[#6:2]-1.[#7:10]=[#6:9]:[#6:8]=[#7:7],['rule1014']
617,[#6:1].[#8:2]-[#16:3]>>[#6:1]-[#16:3].[#8:2],['rule0336']
618,[#16:1].[#6:2]-[#8:3].[#8:4]-[#15:5]>>[#6:2]-[#16:1].[#8:4].[#8:3]-[#15:5],"['rule0039', 'rule0171', 'rule0756']"
619,[#6:1]-[#8:2]-[#8:3]>>[#6:1].[#8:2]=[#8:3],['rule0539']
620,[#6:1]-[#8:2].[#6:3]=[#8:4].[#7:5]>>[#6:1]-[#8:4]-[#6:3]-[#7:5].[#8:2],"['rule0734', 'rule1223']"
621,([#6:1]=[#6:2]-[#6:3].[#6:4]-[#8:5])>>[#6:1]-[#6:2](=[#6:3])-[#6:4].[#8:5],['rule0600']
622,[#6:1]=[#6:2]-[#6:3]-[#8:4]>>[#6:3]=[#6:2]-[#6:1]-[#8:4],['rule0860']
