entry_id,mechanism_id,smarts,mech_atoms,enzyme_name,uniprot_id,ec
2,2,[OH2:1].[*:5][C:4](=[O:6])[NH:3][CH:2]1[C:7](=[O:8])[N:9]2[CH:10]1[S:11][C:12]([CH3:13])([CH3:14])[CH:15]2[C:16](=[O:17])[O-:18]>>[OH:1][C:7]([CH:2]([NH:3][C:4]([*:5])=[O:6])[CH:10]1[NH:9][CH:15]([C:16](=[O:17])[O-:18])[C:12]([CH3:13])([CH3:14])[S:11]1)=[O:8],"1;7,8,9>>",beta-lactamase (Class A),P62593,3.5.2.6
2,1,[OH2:1].[*:5][C:4](=[O:6])[NH:3][CH:2]1[C:7](=[O:8])[N:9]2[CH:10]1[S:11][C:12]([CH3:13])([CH3:14])[CH:15]2[C:16](=[O:17])[O-:18]>>[OH:1][C:7]([CH:2]([NH:3][C:4]([*:5])=[O:6])[CH:10]1[NH:9][CH:15]([C:16](=[O:17])[O-:18])[C:12]([CH3:13])([CH3:14])[S:11]1)=[O:8],"1;7,8,9>>",beta-lactamase (Class A),P62593,3.5.2.6
12,2,[NH2:6][CH2:5][CH2:4][CH2:3][CH:2]([NH3+:1])[C:7](=[O:8])[O-:9].[NH2:13][C:12](=[O:14])[O:11][P:10](=[O:17])([O-:15])[O-:16]>>[NH3+:1][CH:2]([CH2:3][CH2:4][CH2:5][NH:6][C:12]([NH2:13])=[O:14])[C:7](=[O:8])[O-:9].[P:10]([OH:11])([O-:15])([O-:16])=[O:17],"6;11,12,14>>",ornithine carbamoyltransferase,P00480,2.1.3.3
12,1,[NH2:6][CH2:5][CH2:4][CH2:3][CH:2]([NH3+:1])[C:7](=[O:8])[O-:9].[NH2:13][C:12](=[O:14])[O:11][P:10](=[O:17])([O-:15])[O-:16]>>[NH3+:1][CH:2]([CH2:3][CH2:4][CH2:5][NH:6][C:12]([NH2:13])=[O:14])[C:7](=[O:8])[O-:9].[P:10]([OH:11])([O-:15])([O-:16])=[O:17],"6;11,12,14>>",ornithine carbamoyltransferase,P00480,2.1.3.3
16,1,[OH-:1].[*:6][C:4](=[O:5])[NH:3][CH:2]1[C:7](=[O:8])[N:9]2[CH:10]1[S:11][C:12]([CH3:13])([CH3:14])[CH:15]2[C:16](=[O:17])[O-:18]>>[O:1]=[C:7]([CH:2]([NH:3][C:4](=[O:5])[*:6])[CH:10]1[NH:9][CH:15]([C:16](=[O:17])[O-:18])[C:12]([CH3:13])([CH3:14])[S:11]1)[O-:8],"1;7,8,9>>",beta-lactamase (Class B1),P04190,3.5.2.6
22,1,[NH3+:6][CH2:5][CH2:4][c:3]1[cH:2][nH:1][c:8]2[cH:9][cH:10][c:11]([OH:12])[cH:13][c:7]12.[CH3:49][C:47](=[O:48])[S:46][CH2:45][CH2:44][NH:43][C:42](=[O:50])[CH2:41][CH2:40][NH:39][C:38](=[O:51])[CH:37]([OH:52])[C:34]([CH3:35])([CH3:36])[CH2:33][O:32][P:31](=[O:53])([O-:54])[O:30][P:29](=[O:55])([O-:56])[O:28][CH2:27][CH:26]1[O:25][CH:14]([n:15]2[cH:19][n:18][c:17]3[c:20]([NH2:21])[n:22][cH:23][n:24][c:16]32)[CH:63]([OH:64])[CH:57]1[O:58][P:59](=[O:62])([O-:60])[O-:61]>>[nH:1]1[cH:2][c:3]([CH2:4][CH2:5][NH2+:6][C:47](=[O:48])[CH3:49])[c:7]2[c:8]1[cH:9][cH:10][c:11]([OH:12])[cH:13]2.[CH:14]1([n:15]2[c:16]3[c:17]([n:18][cH:19]2)[c:20]([NH2:21])[n:22][cH:23][n:24]3)[O:25][CH:26]([CH2:27][O:28][P:29]([O:30][P:31]([O:32][CH2:33][C:34]([CH3:35])([CH3:36])[CH:37]([C:38]([NH:39][CH2:40][CH2:41][C:42]([NH:43][CH2:44][CH2:45][SH:46])=[O:50])=[O:51])[OH:52])(=[O:53])[O-:54])(=[O:55])[O-:56])[CH:57]([O:58][P:59]([O-:60])([O-:61])=[O:62])[CH:63]1[OH:64],"6;46,47,48>>",aralkylamine N-acetyltransferase,Q29495,2.3.1.87
31,1,[O:18]=[c:17]1[cH:19][cH:20][n:1]([CH:2]2[CH2:13][CH:11]([OH:12])[CH:4]([CH2:5][O:6][P:7](=[O:10])([O-:8])[O-:9])[O:3]2)[c:14](=[O:15])[nH:16]1.[NH2:40][c:39]1[n:41][c:34]2[c:35]([c:36](=[O:37])[nH:38]1)[N:29]1[CH2:28][N:27]([c:26]3[cH:25][cH:24][c:23]([C:21](=[O:22])[NH:44][CH:45]([CH2:49][CH2:50][C:51](=[O:52])[O-:53])[C:46](=[O:47])[O-:48])[cH:43][cH:42]3)[CH2:31][CH:30]1[CH2:32][NH:33]2>>[n:1]1([CH:2]2[O:3][CH:4]([CH2:5][O:6][P:7]([O-:8])([O-:9])=[O:10])[CH:11]([OH:12])[CH2:13]2)[c:14](=[O:15])[nH:16][c:17](=[O:18])[c:19]([CH3:28])[cH:20]1.[C:21](=[O:22])([c:23]1[cH:24][cH:25][c:26]([NH:27][CH2:31][C:30]2=[N:29][c:35]3[c:34]([n:41][c:39]([NH2:40])[nH:38][c:36]3=[O:37])[NH:33][CH2:32]2)[cH:42][cH:43]1)[NH:44][CH:45]([C:46](=[O:47])[O-:48])[CH2:49][CH2:50][C:51](=[O:52])[O-:53],"17,18,19,20;27,28,29,30>>",thymidylate synthase,P00469,2.1.1.45
31,2,[O:18]=[c:17]1[cH:19][cH:20][n:1]([CH:2]2[CH2:13][CH:11]([OH:12])[CH:4]([CH2:5][O:6][P:7](=[O:10])([O-:8])[O-:9])[O:3]2)[c:14](=[O:15])[nH:16]1.[NH2:40][c:39]1[n:41][c:34]2[c:35]([c:36](=[O:37])[nH:38]1)[N:29]1[CH2:28][NH+:27]([c:26]3[cH:25][cH:24][c:23]([C:21](=[O:22])[NH:44][CH:45]([CH2:49][CH2:50][C:51](=[O:52])[O-:53])[C:46](=[O:47])[O-:48])[cH:43][cH:42]3)[CH2:31][CH:30]1[CH2:32][NH:33]2>>[n:1]1([CH:2]2[O:3][CH:4]([CH2:5][O:6][P:7]([O-:8])([O-:9])=[O:10])[CH:11]([OH:12])[CH2:13]2)[c:14](=[O:15])[nH:16][c:17](=[O:18])[c:19]([CH3:28])[cH:20]1.[C:21](=[O:22])([c:23]1[cH:24][cH:25][c:26]([NH:27][CH2:31][C:30]2=[NH+:29][c:35]3[c:34]([n:41][c:39]([NH2:40])[nH:38][c:36]3=[O:37])[NH:33][CH2:32]2)[cH:42][cH:43]1)[NH:44][CH:45]([C:46](=[O:47])[O-:48])[CH2:49][CH2:50][C:51](=[O:52])[O-:53],"19,20;27,28,29,30>>",thymidylate synthase,P00469,2.1.1.45
49,1,[NH3+:3][CH:2]([CH2:1][c:7]1[cH:8][nH:9][cH:10][nH+:11]1)[C:4](=[O:5])[O-:6]>>[C:4](=[O:5])=[O:6].[CH2:1]([CH2:2][NH3+:3])[c:7]1[cH:8][nH:9][cH:10][nH+:11]1,"2,3,4,6>>",histidine decarboxylase,P00862,4.1.1.22
50,3,[O:6]=[C:4]([O-:5])[c:3]1[cH:7][c:8](=[O:9])[nH:10][c:11](=[O:12])[n:2]1[CH:1]1[O:13][CH:14]([CH2:15][O:16][P:17](=[O:20])([O-:18])[O-:19])[CH:21]([OH:22])[CH:23]1[OH:24]>>[CH:1]1([n:2]2[cH:3][cH:7][c:8](=[O:9])[nH:10][c:11]2=[O:12])[O:13][CH:14]([CH2:15][O:16][P:17]([O-:18])([O-:19])=[O:20])[CH:21]([OH:22])[CH:23]1[OH:24].[C:4](=[O:5])=[O:6],"3,4,5,7>>",orotidine-5'-phosphate decarboxylase,P25971,4.1.1.23
54,1,[O:8]=[C:7]1[CH2:6][C:1]([OH:5])([C:2](=[O:3])[O-:4])[CH2:13][CH:11]([OH:12])[CH:9]1[OH:10]>>[OH2:8].[C:1]1([C:2](=[O:3])[O-:4])=[CH:6][C:7](=[O:5])[CH:9]([OH:10])[CH:11]([OH:12])[CH2:13]1,"1,5,6,7,8>>",3-dehydroquinate dehydratase (type I),P24670,4.2.1.10
56,3,[*:20][O:19][CH:18]1[CH:11]([CH2:12][O:13][P:14]([*:17])(=[O:15])[O-:16])[O:10][CH:9]([n:8]2[cH:1][cH:2][c:3](=[O:4])[nH:5][c:6]2=[O:7])[CH:21]1[OH:22]>>[cH:1]1[c:2]([CH:9]2[O:10][CH:11]([CH2:12][O:13][P:14](=[O:15])([O-:16])[*:17])[CH:18]([O:19][*:20])[CH:21]2[OH:22])[c:3](=[O:4])[nH:5][c:6](=[O:7])[nH:8]1,"1,2,8,9,10,21>>",tRNA-pseudouridine synthase,Q9WZW0,5.4.99.25
56,2,[*:20][O:19][CH:18]1[CH:11]([CH2:12][O:13][P:14]([*:17])(=[O:15])[O-:16])[O:10][CH:9]([n:8]2[cH:1][cH:2][c:3](=[O:4])[nH:5][c:6]2=[O:7])[CH:21]1[OH:22]>>[cH:1]1[c:2]([CH:9]2[O:10][CH:11]([CH2:12][O:13][P:14](=[O:15])([O-:16])[*:17])[CH:18]([O:19][*:20])[CH:21]2[OH:22])[c:3](=[O:4])[nH:5][c:6](=[O:7])[nH:8]1,"1,2,3,4,8,9,10>>",tRNA-pseudouridine synthase,Q9WZW0,5.4.99.25
56,1,[*:20][O:19][CH:18]1[CH:11]([CH2:12][O:13][P:14]([*:17])(=[O:15])[O-:16])[O:10][CH:9]([n:8]2[cH:1][cH:2][c:3](=[O:4])[nH:5][c:6]2=[O:7])[CH:21]1[OH:22]>>[cH:1]1[c:2]([CH:9]2[O:10][CH:11]([CH2:12][O:13][P:14](=[O:15])([O-:16])[*:17])[CH:18]([O:19][*:20])[CH:21]2[OH:22])[c:3](=[O:4])[nH:5][c:6](=[O:7])[nH:8]1,"1,2,8,9>>",tRNA-pseudouridine synthase,Q9WZW0,5.4.99.25
61,1,[O:10]=[C:9]([O-:11])[CH:8]=[CH:7][CH:1]=[C:2]([OH:6])[C:3](=[O:4])[O-:5]>>[CH:1]([C:2]([C:3](=[O:4])[O-:5])=[O:6])=[CH:7][CH2:8][C:9](=[O:10])[O-:11],"1,2,6,7,8,9,10>>",2-hydroxymuconate tautomerase,Q01468,5.3.2.6
69,1,[CH3:31][C:30](=[O:32])[NH:29][CH:28]1[CH:19]([O:18][P:16](=[O:33])([O-:17])[O:15][P:14](=[O:35])([O-:34])[O:13][CH2:12][CH:11]2[O:10][CH:1]([n:2]3[cH:9][cH:8][c:6](=[O:7])[nH:5][c:3]3=[O:4])[CH:38]([OH:39])[CH:36]2[OH:37])[O:20][CH:21]([CH2:22][OH:23])[CH:24]([OH:25])[CH:26]1[OH:27].[*:79][NH:78][CH:74]([CH2:73][O:72][P:71](=[O:80])([O-:81])[O:70][CH2:69][C:68]([CH3:82])([CH3:83])[CH:67]([OH:84])[C:65](=[O:66])[NH:64][CH2:63][CH2:62][C:60](=[O:61])[NH:59][CH2:40][CH2:41][S:42][C:43](=[O:58])[CH2:44][CH:45]([OH:57])[CH2:46][CH2:47][CH2:48][CH2:49][CH2:50][CH2:51][CH2:52][CH2:53][CH2:54][CH2:55][CH3:56])[C:75]([*:76])=[O:77]>>[CH:1]1([n:2]2[c:3](=[O:4])[nH:5][c:6](=[O:7])[cH:8][cH:9]2)[O:10][CH:11]([CH2:12][O:13][P:14]([O:15][P:16]([O-:17])([O:18][CH:19]2[O:20][CH:21]([CH2:22][OH:23])[CH:24]([OH:25])[CH:26]([O:27][C:43]([CH2:44][CH:45]([CH2:46][CH2:47][CH2:48][CH2:49][CH2:50][CH2:51][CH2:52][CH2:53][CH2:54][CH2:55][CH3:56])[OH:57])=[O:58])[CH:28]2[NH:29][C:30]([CH3:31])=[O:32])=[O:33])([O-:34])=[O:35])[CH:36]([OH:37])[CH:38]1[OH:39].[CH2:40]([CH2:41][SH:42])[NH:59][C:60](=[O:61])[CH2:62][CH2:63][NH:64][C:65](=[O:66])[CH:67]([C:68]([CH2:69][O:70][P:71]([O:72][CH2:73][CH:74]([C:75]([*:76])=[O:77])[NH:78][*:79])(=[O:80])[O-:81])([CH3:82])[CH3:83])[OH:84],"27;42,43,58>>",acyl-[acyl-carrier-protein]-UDP-N-acetylglucosamine O-acyltransferase,P0A722,2.3.1.129
73,1,[CH3:15][CH:14]([OH:16])[CH:12]([OH:13])[CH:11]1[CH2:17][NH:18][C:1]2=[N:2][C:3]([NH2:4])=[N:5][C:6](=[O:7])[C:8]2([OH:9])[NH:10]1>>[OH2:9].[C:1]12=[N:2][C:3]([NH2:4])=[N:5][C:6](=[O:7])[C:8]1=[N:10][CH:11]([CH:12]([OH:13])[CH:14]([CH3:15])[OH:16])[CH2:17][NH:18]2,"1,2,3,5,6,7,8,9,10,18>>",4a-hydroxytetrahydrobiopterin dehydratase,P61459,4.2.1.96
84,1,[NH2:8][c:7]1[n:6][c:5]2[c:4]([c:2](=[O:3])[nH:1]1)[NH+:30]=[C:11]([CH:12]([OH:13])[CH:14]([OH:29])[CH2:15][O:16][P:17](=[O:27])([O-:28])[O:18][P:19](=[O:25])([O-:26])[O:20][P:21](=[O:22])([O-:23])[O-:24])[CH2:10][NH:9]2>>[O-:16][P:17]([O:18][P:19]([O:20][P:21](=[O:22])([O-:23])[O-:24])(=[O:25])[O-:26])(=[O:27])[O-:28].[nH:1]1[c:2](=[O:3])[c:4]2[c:5]([n:6][c:7]1[NH2:8])[NH:9][CH2:10][CH:11]([C:12](=[O:13])[C:14]([CH3:15])=[O:29])[NH:30]2,"11,12,13,14,15,16,28,29,30>>",6-pyruvoyltetrahydropterin synthase,P27213,4.2.3.12
94,1,[OH2:1].[*:15][O:14][CH2:13][CH:12]([CH2:11][O:10][P:9](=[O:20])([O-:21])[O:8][CH2:2][CH2:3][N+:4]([CH3:5])([CH3:6])[CH3:7])[O:16][C:17]([CH3:19])=[O:18]>>[CH2:2]([CH2:3][N+:4]([CH3:5])([CH3:6])[CH3:7])[O:8][P:9]([O:10][CH2:11][CH:12]([CH2:13][O:14][*:15])[OH:16])(=[O:20])[O-:21].[OH:1][C:17](=[O:18])[CH3:19],"1;16,17,18>>",1-alkyl-2-acetylglycerophosphocholine esterase,Q29460,3.1.1.47
97,1,[NH2:17][c:16]1[cH:15][cH:14][n:4]([CH:5]2[O:6][CH:7]([CH2:8][OH:9])[CH:10]([OH:11])[CH:12]2[OH:13])[c:2](=[O:3])[nH+:1]1.[OH-:18]>>[nH:1]1[c:2](=[O:3])[n:4]([CH:5]2[O:6][CH:7]([CH2:8][OH:9])[CH:10]([OH:11])[CH:12]2[OH:13])[cH:14][cH:15][c:16]1=[O:18].[NH3:17],"1,16,17;18>>",cytidine deaminase,P0ABF6,3.5.4.5
106,1,[*:22][NH:21][CH:17]([CH2:1][CH2:2][CH2:3][CH2:4][NH:5][C:6](=[O:16])[CH2:7][CH2:8][CH2:9][CH2:10][CH:11]1[CH2:12][CH2:13][S:14][S:15]1)[C:18]([*:20])=[O:19].[CH3:26][C:25](=[O:27])[C:23](=[O:28])[O-:24]>>[C:23](=[O:24])=[O:28].[CH2:1]([CH2:2][CH2:3][CH2:4][NH:5][C:6]([CH2:7][CH2:8][CH2:9][CH2:10][CH:11]([CH2:12][CH2:13][S:14][C:25]([CH3:26])=[O:27])[SH:15])=[O:16])[CH:17]([C:18](=[O:19])[*:20])[NH:21][*:22],"14,15;23,24,25,27>>",pyruvate dehydrogenase (acetyl-transferring),"P21874, P21873",1.2.4.1
148,1,[O:6]=[CH:5][CH:4]([OH:7])[CH:3]([OH:8])[CH2:2][O:1][P:9](=[O:10])([O-:11])[O-:12].[O:24]=[C:23]([CH2:25][OH:26])[CH:22]([OH:27])[CH:13]([OH:28])[CH:14]([OH:15])[CH2:16][O:17][P:18](=[O:20])([O-:19])[O-:21]>>[CH:13]([CH:14]([OH:15])[CH2:16][O:17][P:18]([O-:19])(=[O:20])[O-:21])=[O:28].[O:1]([CH2:2][CH:3]([CH:4]([CH:5]([OH:6])[CH:22]([C:23](=[O:24])[CH2:25][OH:26])[OH:27])[OH:7])[OH:8])[P:9](=[O:10])([O-:11])[O-:12],"5,6;13,22,23,24,28>>",transaldolase (type I),P0A870,2.2.1.2
152,3,[*:6][NH:5][CH:2]([CH2:3][O-:4])[C:1]([*:8])=[O:7].[CH3:30][C:29]([CH3:31])([CH2:28][O:27][P:26](=[O:45])([O-:46])[O:25][P:24](=[O:47])([O-:48])[O:23][CH2:22][CH:21]1[O:20][CH:9]([n:10]2[cH:14][n:13][c:12]3[c:15]([NH2:16])[n:17][cH:18][n:19][c:11]32)[CH:55]([OH:56])[CH:49]1[O:50][P:51](=[O:54])([O-:52])[O-:53])[CH:32]([OH:44])[C:33](=[O:43])[NH:34][CH2:35][CH2:36][C:37](=[O:42])[NH:38][CH2:39][CH2:40][SH:41]>>[C:1]([CH:2]([CH2:3][O:4][P:26]([O:27][CH2:28][C:29]([CH3:30])([CH3:31])[CH:32]([C:33]([NH:34][CH2:35][CH2:36][C:37]([NH:38][CH2:39][CH2:40][SH:41])=[O:42])=[O:43])[OH:44])(=[O:45])[O-:46])[NH:5][*:6])(=[O:7])[*:8].[CH:9]1([n:10]2[c:11]3[c:12]([n:13][cH:14]2)[c:15]([NH2:16])[n:17][cH:18][n:19]3)[O:20][CH:21]([CH2:22][O:23][P:24](=[O:25])([OH:47])[O-:48])[CH:49]([O:50][P:51]([O-:52])([O-:53])=[O:54])[CH:55]1[OH:56],"4;24,25,26,45,47>>",holo-[acyl-carrier-protein] synthase,"P96618, P80643",2.7.8.7
162,1,[OH2:1].[*:32][O:31][CH:30]1[CH2:29][CH:28]2[O:34][CH:33]1[CH2:35][O:36][P:37](=[O:39])([OH:38])[O:40][CH:7]1[CH2:8][CH:9]([O:10][CH:6]1[CH2:5][O:4][P:3]([*:2])(=[O:42])[OH:43])[N:11]1[C:18](=[O:19])[NH:17][C:15](=[O:16])[C:13]3([CH3:14])[CH:12]1[CH:41]1[N:27]2[C:25](=[O:26])[NH:24][C:22](=[O:23])[C:20]13[CH3:21]>>[NH:11]1[CH:12]2[C:13]([CH3:14])([C:15](=[O:16])[NH:17][C:18]1=[O:19])[C:20]1([CH3:21])[C:22](=[O:23])[NH:24][C:25](=[O:26])[N:27]([CH:28]3[CH2:29][CH:30]([O:31][*:32])[CH:33]([CH2:35][O:36][P:37]([OH:38])(=[O:39])[OH:40])[O:34]3)[CH:41]21.[O:1]=[CH:9][CH:8]=[CH:7][CH:6]([CH2:5][O:4][P:3]([*:2])(=[O:42])[OH:43])[OH:10],"1;7,8,9,10,11,18,19,40>>",deoxyribonuclease (pyrimidine dimer),P04418,3.1.25.1
168,1,[*:11][CH:2]([NH3+:1])[C:3](=[O:10])[NH:4][CH:5]([*:9])[C:6](=[O:8])[O-:7].[OH-:12]>>[NH3+:1][CH:2]([C:3](=[O:10])[OH:12])[*:11].[NH2:4][CH:5]([C:6]([O-:7])=[O:8])[*:9],"3,4,10;12>>",membrane dipeptidase,P16444,3.4.13.19
177,1,[OH2:1].[*:12][CH:3]([NH3+:2])[C:4](=[O:11])[NH:5][CH:6]([*:10])[C:7](=[O:9])[O-:8]>>[NH2:5][CH:6]([C:7]([O-:8])=[O:9])[*:10].[OH:1][C:4]([CH:3]([NH3+:2])[*:12])=[O:11],"1;4,5,11>>",proteasome endopeptidase complex,P25043,3.4.25.1
187,1,[O:8]=[C:7]([O-:9])[CH:6]([OH:10])[c:5]1[cH:11][cH:1][cH:2][cH:3][cH:4]1>>[cH:1]1[cH:2][cH:3][cH:4][c:5]([CH:6]([C:7](=[O:8])[O-:9])[OH:10])[cH:11]1,"6,7,8,9>>",mandelate racemase,P11444,5.1.2.2
187,1,[O:8]=[C:7]([O-:9])[CH:6]([OH:10])[c:5]1[cH:11][cH:1][cH:2][cH:3][cH:4]1>>[cH:1]1[cH:2][cH:3][cH:4][c:5]([CH:6]([C:7](=[O:8])[O-:9])[OH:10])[cH:11]1,"6,7,8,9>>",mandelate racemase,P11444,5.1.2.2
190,1,[CH2:12]=[C:10]([CH3:11])[CH2:9][CH2:8][O:7][P:6](=[O:13])([O-:14])[O:1][P:2](=[O:3])([O-:4])[O-:5]>>[O:1]([P:2](=[O:3])([O-:4])[O-:5])[P:6]([O:7][CH2:8][CH:9]=[C:10]([CH3:11])[CH3:12])(=[O:13])[O-:14],"5,9,10,12,14>>",isopentenyl-diphosphate delta-isomerase (type 1),Q46822,5.3.3.2
210,1,[OH2:1].[*:18][C:2](=[O:17])[NH:3][CH:4]1[C:5](=[O:6])[N:7]2[CH:8]1[S:9][C:10]([CH3:11])([CH3:12])[CH:13]2[C:14](=[O:16])[O-:15]>>[OH:1][C:5]([CH:4]([NH:3][C:2](=[O:17])[*:18])[CH:8]1[NH:7][CH:13]([C:14]([O-:15])=[O:16])[C:10]([CH3:11])([CH3:12])[S:9]1)=[O:6],"1;5,6,7>>",beta-lactamase (Class D),P13661,3.5.2.6
215,1,[CH3:4][C:3](=[O:5])[C:1](=[O:6])[O-:2]>>[C:1](=[O:2])=[O:6].[CH:3]([CH3:4])=[O:5],"1,2,3,5>>",pyruvate decarboxylase,P06169,4.1.1.1
219,1,[O:6]=[CH:5][CH:4]([OH:7])[CH2:3][O:2][P:1](=[O:9])([O-:8])[O-:10].[O:12]=[C:11]([CH2:27][OH:28])[CH:13]([OH:26])[CH:14]([OH:15])[CH:16]([OH:25])[CH:17]([OH:18])[CH2:19][O:20][P:21](=[O:23])([O-:22])[O-:24]>>[CH:13]([CH:14]([OH:15])[CH:16]([CH:17]([OH:18])[CH2:19][O:20][P:21]([O-:22])(=[O:23])[O-:24])[OH:25])=[O:26].[P:1]([O:2][CH2:3][CH:4]([CH:5]([OH:6])[C:11](=[O:12])[CH2:27][OH:28])[OH:7])([O-:8])(=[O:9])[O-:10],"5,6,7;11,12,13,26>>",transketolase,P29401,2.2.1.1
220,2,[O:3]=[C:1]([O-:2])[C:4](=[O:11])[c:5]1[cH:6][cH:7][cH:8][cH:9][cH:10]1>>[C:1](=[O:2])=[O:3].[CH:4]([c:5]1[cH:6][cH:7][cH:8][cH:9][cH:10]1)=[O:11],"1,2,4,11>>",benzoylformate decarboxylase,P20906,4.1.1.7
220,3,[O:3]=[C:1]([O-:2])[C:4](=[O:11])[c:5]1[cH:6][cH:7][cH:8][cH:9][cH:10]1>>[C:1](=[O:2])=[O:3].[CH:4]([c:5]1[cH:6][cH:7][cH:8][cH:9][cH:10]1)=[O:11],"1,2,4,11>>",benzoylformate decarboxylase,P20906,4.1.1.7
220,1,[O:11]=[C:1]([O-:2])[C:3](=[O:10])[c:4]1[cH:5][cH:6][cH:7][cH:8][cH:9]1>>[C:1](=[O:2])=[O:11].[CH:3]([c:4]1[cH:5][cH:6][cH:7][cH:8][cH:9]1)=[O:10],"1,2,3,10>>",benzoylformate decarboxylase,P20906,4.1.1.7
222,1,[O:6]=[CH:5][CH:4]([OH:7])[CH2:3][O:2][P:1](=[O:9])([O-:8])[O-:10].[O:20]=[C:11]([CH2:12][OH:13])[CH2:14][O:15][P:16](=[O:18])([O-:17])[O-:19]>>[P:1]([O:2][CH2:3][CH:4]1[CH:5]([OH:6])[CH:12]([OH:13])[C:11]([CH2:14][O:15][P:16]([O-:17])(=[O:18])[O-:19])([OH:20])[O:7]1)([O-:8])(=[O:9])[O-:10],"5,6,7;11,12,17,20>>",fructose-bisphosphate aldolase (Class I),P00883,4.1.2.13
224,1,[*:11][NH:10][CH:6]([CH2:1][CH2:2][CH2:3][CH2:4][NH2:5])[C:7]([*:9])=[O:8].[CH3:47][C:45](=[O:46])[S:44][CH2:43][CH2:42][NH:41][C:40](=[O:48])[CH2:39][CH2:38][NH:37][C:36](=[O:49])[CH:35]([OH:50])[C:32]([CH3:33])([CH3:34])[CH2:31][O:30][P:29](=[O:51])([O-:52])[O:28][P:27](=[O:53])([O-:54])[O:26][CH2:25][CH:24]1[O:23][CH:12]([n:13]2[cH:17][n:16][c:15]3[c:18]([NH2:19])[n:20][cH:21][n:22][c:14]32)[CH:61]([OH:62])[CH:55]1[O:56][P:57](=[O:60])([O-:58])[O-:59]>>[CH2:1]([CH2:2][CH2:3][CH2:4][NH2+:5][C:45](=[O:46])[CH3:47])[CH:6]([C:7](=[O:8])[*:9])[NH:10][*:11].[CH:12]1([n:13]2[c:14]3[c:15]([n:16][cH:17]2)[c:18]([NH2:19])[n:20][cH:21][n:22]3)[O:23][CH:24]([CH2:25][O:26][P:27]([O:28][P:29]([O:30][CH2:31][C:32]([CH3:33])([CH3:34])[CH:35]([C:36]([NH:37][CH2:38][CH2:39][C:40]([NH:41][CH2:42][CH2:43][S-:44])=[O:48])=[O:49])[OH:50])(=[O:51])[O-:52])(=[O:53])[O-:54])[CH:55]([O:56][P:57]([O-:58])([O-:59])=[O:60])[CH:61]1[OH:62],"5;44,45,46>>",histone acetyltransferase (HAT1 family),Q12341,2.3.1.48
225,1,[CH3:1][S+:2]([CH2:3][CH2:4][CH:5]([NH2:6])[C:7](=[O:9])[O-:8])[CH2:10][CH:11]1[O:12][CH:13]([n:14]2[cH:15][n:16][c:17]3[c:22]([NH2:23])[n:21][cH:20][n:19][c:18]32)[CH:24]([OH:25])[CH:26]1[OH:27]>>[C:7](=[O:8])=[O:9].[CH3:1][S+:2]([CH2:3][CH2:4][CH2:5][NH2:6])[CH2:10][CH:11]1[O:12][CH:13]([n:14]2[cH:15][n:16][c:17]3[c:18]2[n:19][cH:20][n:21][c:22]3[NH2:23])[CH:24]([OH:25])[CH:26]1[OH:27],"5,6,7,8>>",adenosylmethionine decarboxylase (prokaryotic),Q9WZC3,4.1.1.50
228,2,[CH3:9][c:8]1[cH:10][n:2]([CH:1]2[CH2:36][CH:34]([OH:35])[CH:12]([CH2:13][O:14][P:15](=[O:32])([O-:33])[O:16][P:17](=[O:30])([O-:31])[O:18][CH:19]3[O:20][CH:21]([CH2:22][OH:23])[CH:24]([OH:25])[CH:26]([OH:27])[CH:28]3[OH:29])[O:11]2)[c:3](=[O:4])[nH:5][c:6]1=[O:7]>>[OH2:23].[CH:1]1([n:2]2[c:3](=[O:4])[nH:5][c:6](=[O:7])[c:8]([CH3:9])[cH:10]2)[O:11][CH:12]([CH2:13][O:14][P:15]([O:16][P:17]([O:18][CH:19]2[O:20][CH:21]([CH3:22])[C:24](=[O:25])[CH:26]([OH:27])[CH:28]2[OH:29])(=[O:30])[O-:31])(=[O:32])[O-:33])[CH:34]([OH:35])[CH2:36]1,"21,22,23,24,25>>","dTDP-glucose 4,6-dehydratase",P27830,4.2.1.46
228,1,[CH3:9][c:8]1[cH:10][n:2]([CH:1]2[CH2:36][CH:34]([OH:35])[CH:12]([CH2:13][O:14][P:15](=[O:32])([O-:33])[O:16][P:17](=[O:30])([O-:31])[O:18][CH:19]3[O:20][CH:21]([CH2:22][OH:23])[CH:24]([OH:25])[CH:26]([OH:27])[CH:28]3[OH:29])[O:11]2)[c:3](=[O:4])[nH:5][c:6]1=[O:7]>>[OH2:23].[CH:1]1([n:2]2[c:3](=[O:4])[nH:5][c:6](=[O:7])[c:8]([CH3:9])[cH:10]2)[O:11][CH:12]([CH2:13][O:14][P:15]([O:16][P:17]([O:18][CH:19]2[O:20][CH:21]([CH3:22])[C:24](=[O:25])[CH:26]([OH:27])[CH:28]2[OH:29])(=[O:30])[O-:31])(=[O:32])[O-:33])[CH:34]([OH:35])[CH2:36]1,"21,22,23,24,25>>","dTDP-glucose 4,6-dehydratase",P27830,4.2.1.46
241,1,[OH2:1].[CH3:21][C:20]1([CH3:22])[S:23][CH:14]2[CH:2]([NH:3][C:4](=[O:5])[CH2:6][O:7][c:8]3[cH:9][cH:10][cH:11][cH:12][cH:13]3)[C:24](=[O:25])[N:15]2[CH:16]1[C:17](=[O:19])[OH:18]>>[CH:2]1([NH2:3])[CH:14]2[N:15]([CH:16]([C:17]([OH:18])=[O:19])[C:20]([CH3:21])([CH3:22])[S:23]2)[C:24]1=[O:25].[OH:1][C:4](=[O:5])[CH2:6][O:7][c:8]1[cH:9][cH:10][cH:11][cH:12][cH:13]1,"1;3,4,5>>",penicillin amidase (peptidase C59 family),P12256,3.5.1.11
245,1,[NH2:5][CH:4]([CH2:6][c:7]1[cH:8][cH:9][c:10]([OH:11])[cH:12][cH:13]1)[C:2](=[O:1])[O-:3]>>[O:1]=[C:2]([O-:3])[CH2:4][CH:6]([NH2:5])[c:7]1[cH:8][cH:9][c:10]([OH:11])[cH:12][cH:13]1,"4,5,6>>","tyrosine 2,3-aminomutase",Q8GMG0,5.4.3.6
246,2,[*:13][NH:12][CH:3]([CH2:4][c:5]1[cH:6][cH:7][c:8]([OH:9])[cH:10][cH:11]1)[C:2]([*:14])=[O:1].[NH2:15][c:16]1[n:17][cH:18][n:19][c:20]2[c:21]1[n:22][cH:23][n:24]2[CH:25]1[O:26][CH:27]([CH2:28][O:29][P:30](=[O:31])([O-:32])[O:33][P:34](=[O:35])([O-:36])[O:37][P:38](=[O:39])([O-:41])[OH:40])[CH:42]([OH:43])[CH:44]1[OH:45]>>[O:1]=[C:2]([CH:3]([CH2:4][c:5]1[cH:6][cH:7][c:8]([O:9][P:38](=[O:39])([OH:40])[O-:41])[cH:10][cH:11]1)[NH:12][*:13])[*:14].[NH2:15][c:16]1[n:17][cH:18][n:19][c:20]2[c:21]1[n:22][cH:23][n:24]2[CH:25]1[O:26][CH:27]([CH2:28][O:29][P:30](=[O:31])([O-:32])[O:33][P:34](=[O:35])([O-:36])[OH:37])[CH:42]([OH:43])[CH:44]1[OH:45],"9;36,37,38,39,41>>",receptor protein-tyrosine kinase,P06213,2.7.10.1
254,1,[CH3:23][C:22]([CH3:24])=[CH:21][CH2:20][CH2:19][C:18]([CH3:25])=[CH:17][CH2:16][CH2:15][C:14]([CH3:26])=[CH:13][CH2:12][CH2:11][CH:10]=[C:9]([CH3:27])[CH2:8][CH2:7][CH:6]=[C:5]([CH3:28])[CH2:4][CH2:3][CH:2]=[C:1]([CH3:29])[CH3:30]>>[C:1]([CH:2]1[CH2:3][CH2:4][C:5]2([CH3:28])[CH:6]1[CH2:7][CH2:8][C:9]1([CH3:27])[CH:10]2[CH2:11][CH2:12][CH:13]2[C:14]1([CH3:26])[CH2:15][CH2:16][CH:17]1[C:18]2([CH3:25])[CH2:19][CH2:20][CH2:21][C:22]1([CH3:23])[CH3:24])([CH3:29])=[CH2:30],"1,2,5,6,9,10,13,14,17,18,21,22,30>>",squalene-hopene cyclase,P33247,5.4.99.17
257,1,[OH2:1].[*:18][C:2](=[O:17])[NH:3][CH:4]1[C:5](=[O:6])[N:7]2[CH:8]1[S:9][C:10]([CH3:11])([CH3:12])[CH:13]2[C:14](=[O:16])[O-:15]>>[OH:1][C:5]([CH:4]([NH:3][C:2](=[O:17])[*:18])[CH:8]1[NH:7][CH:13]([C:14]([O-:15])=[O:16])[C:10]([CH3:11])([CH3:12])[S:9]1)=[O:6],"1;5,6,7>>",beta-lactamase (Class C),P05364,3.5.2.6
259,1,[CH3:7][C:6]([CH3:8])=[CH:5][CH2:4][CH2:3][C:2]([CH3:9])=[CH:1][CH2:10][O:11][P:12](=[O:18])([O-:19])[O:13][P:14](=[O:15])([O-:16])[O-:17]>>[CH:1]1([O:11][P:12]([O:13][P:14](=[O:15])([O-:16])[O-:17])(=[O:18])[O-:19])[C:2]2([CH3:9])[CH2:3][CH2:4][CH:5]([C:6]2([CH3:7])[CH3:8])[CH2:10]1,"1,2,5,6,10,11,15,17,18,19>>",bornyl diphosphate synthase,O81192,5.5.1.8
266,1,[OH2:1].[CH3:11][C:9](=[O:10])[NH:8][CH:7]1[CH:6]([NH:5][C:3](=[O:4])[CH2:2][CH:20]([NH3+:24])[C:21](=[O:22])[O-:23])[O:19][CH:16]([CH2:17][OH:18])[CH:14]([OH:15])[CH:12]1[OH:13]>>[NH2:5][CH:6]1[CH:7]([NH:8][C:9](=[O:10])[CH3:11])[CH:12]([OH:13])[CH:14]([OH:15])[CH:16]([CH2:17][OH:18])[O:19]1.[OH:1][C:3]([CH2:2][CH:20]([C:21](=[O:22])[O-:23])[NH3+:24])=[O:4],"1;3,4,5>>",N4-(beta-N-acetylglucosaminyl)-L-asparaginase,P20933,3.5.1.26
269,2,[O:8]=[C:6]([O-:7])[CH:5]=[CH:4][CH:3]=[CH:2][C:1](=[O:9])[O-:10]>>[C:1]1(=[O:9])[CH:2]=[CH:3][CH:4]([CH2:5][C:6]([O-:7])=[O:8])[O:10]1,"4,5,6,7,8,10>>",muconate cycloisomerase (syn),Q4K9X1,5.5.1.1
270,1,[O:4]=[C:3]([CH2:1][OH:2])[CH:5]([OH:6])[CH:7]([OH:8])[CH2:9][O:10][P:11](=[O:12])([O-:13])[O-:14]>>[CH2:1]([OH:2])[C:3](=[O:4])[CH:5]([OH:6])[CH:7]([OH:8])[CH2:9][O:10][P:11](=[O:12])([O-:13])[O-:14],"3,4,5,8>>",ribulose-phosphate 3-epimerase (cytoplasmic),Q9SE42,5.1.3.1
270,1,[O:4]=[C:3]([CH2:1][OH:2])[CH:5]([OH:6])[CH:7]([OH:8])[CH2:9][O:10][P:11](=[O:12])([O-:13])[O-:14]>>[CH2:1]([OH:2])[C:3](=[O:4])[CH:5]([OH:6])[CH:7]([OH:8])[CH2:9][O:10][P:11](=[O:12])([O-:13])[O-:14],"3,4,5,8>>",ribulose-phosphate 3-epimerase (cytoplasmic),Q9SE42,5.1.3.1
270,2,[O:4]=[C:3]([CH2:1][OH:2])[CH:5]([OH:6])[CH:7]([OH:8])[CH2:9][O:10][P:11](=[O:12])([O-:13])[O-:14]>>[CH2:1]([OH:2])[C:3](=[O:4])[CH:5]([OH:6])[CH:7]([OH:8])[CH2:9][O:10][P:11](=[O:12])([O-:13])[O-:14],"3,4,5>>",ribulose-phosphate 3-epimerase (cytoplasmic),Q9SE42,5.1.3.1
270,2,[O:4]=[C:3]([CH2:1][OH:2])[CH:5]([OH:6])[CH:7]([OH:8])[CH2:9][O:10][P:11](=[O:12])([O-:13])[O-:14]>>[CH2:1]([OH:2])[C:3](=[O:4])[CH:5]([OH:6])[CH:7]([OH:8])[CH2:9][O:10][P:11](=[O:12])([O-:13])[O-:14],"3,4,5>>",ribulose-phosphate 3-epimerase (cytoplasmic),Q9SE42,5.1.3.1
271,1,[CH2:7]=[C:3]([O:2][P:1](=[O:10])([O-:8])[O-:9])[C:4](=[O:5])[O-:6]>>[P:1]([CH2:7][C:3](=[O:2])[C:4](=[O:5])[O-:6])([O-:8])([O-:9])=[O:10],"1,2,3,6,7>>",phosphoenolpyruvate mutase,P56839,5.4.2.9
271,2,[CH2:7]=[C:3]([O:2][P:1](=[O:10])([O-:8])[O-:9])[C:4](=[O:5])[O-:6]>>[P:1]([CH2:7][C:3](=[O:2])[C:4](=[O:5])[O-:6])([O-:8])([O-:9])=[O:10],"1,2,3,6,7>>",phosphoenolpyruvate mutase,P56839,5.4.2.9
280,1,[*:22][NH:21][CH:17]([CH2:1][CH2:2][CH2:3][CH2:4][NH:5][C:6](=[O:16])[CH2:7][CH2:8][CH2:9][CH2:10][CH:11]1[CH2:12][CH2:13][S:14][S:15]1)[C:18]([*:20])=[O:19].[CH3:27][CH:26]([CH3:28])[C:25](=[O:29])[C:24](=[O:30])[OH:23]>>[O:23]=[C:24]=[O:30].[CH2:1]([CH2:2][CH2:3][CH2:4][NH:5][C:6]([CH2:7][CH2:8][CH2:9][CH2:10][CH:11]([CH2:12][CH2:13][S:14][C:25]([CH:26]([CH3:27])[CH3:28])=[O:29])[SH:15])=[O:16])[CH:17]([C:18](=[O:19])[*:20])[NH:21][*:22],"14,15;23,24,25,29>>",3-methyl-2-oxobutanoate dehydrogenase (2-methylpropanoyl-transferring),"P12694, P21953",1.2.4.4
287,1,[NH2:1][c:2]1[n:3][cH:4][n:5][c:6]2[c:7]1[n:8][cH:9][n:10]2[CH:11]1[O:12][CH:13]([CH2:14][O:15][P:16](=[O:17])([O-:18])[O:19][P:20](=[O:21])([O-:22])[O:23][P:24](=[O:25])([O-:26])[O-:27])[CH:28]([OH:29])[CH:30]1[OH:31].[O:33]=[S:32](=[O:34])([O-:35])[O-:36]>>[NH2:1][c:2]1[n:3][cH:4][n:5][c:6]2[c:7]1[n:8][cH:9][n:10]2[CH:11]1[O:12][CH:13]([CH2:14][O:15][P:16]([O-:17])(=[O:18])[O:35][S:32](=[O:33])(=[O:34])[O-:36])[CH:28]([OH:29])[CH:30]1[OH:31].[O-:19][P:20](=[O:21])([O-:22])[O:23][P:24](=[O:25])([O-:26])[O-:27],"16,17,18,19,26;35>>",sulfate adenylyltransferase,P08536,2.7.7.4
289,1,[CH3:4][C:3](=[O:5])[C:1](=[O:6])[O-:2].[CH3:10][C:9](=[O:11])[C:7](=[O:12])[O-:8]>>[C:7](=[O:8])=[O:12].[C:1]([O-:2])([C:3]([CH3:4])([OH:5])[C:9]([CH3:10])=[O:11])=[O:6],"3,5;7,8,9,11>>",acetolactate synthase (biosynthetic),P07342,2.2.1.6
291,1,[*:24][NH:23][CH:19]([CH2:18][O:17][P:16](=[O:25])([O-:26])[O:15][CH2:14][C:13]([CH3:27])([CH3:28])[CH:12]([OH:29])[C:10](=[O:11])[NH:9][CH2:8][CH2:7][C:5](=[O:6])[NH:4][CH2:1][CH2:2][SH:3])[C:20]([*:21])=[O:22].[CH3:51][C:50]([CH3:52])([CH2:49][O:48][P:47](=[O:72])([O-:73])[O:46][P:45](=[O:74])([O-:75])[O:44][CH2:43][CH:42]1[O:41][CH:30]([n:31]2[cH:35][n:34][c:33]3[c:36]([NH2:37])[n:38][cH:39][n:40][c:32]32)[CH:82]([OH:83])[CH:76]1[O:77][P:78](=[O:81])([O-:79])[O-:80])[CH:53]([OH:71])[C:54](=[O:70])[NH:55][CH2:56][CH2:57][C:58](=[O:69])[NH:59][CH2:60][CH2:61][S:62][C:63](=[O:68])[CH2:64][C:65](=[O:66])[O-:67]>>[CH:30]1([n:31]2[c:32]3[c:33]([n:34][cH:35]2)[c:36]([NH2:37])[n:38][cH:39][n:40]3)[O:41][CH:42]([CH2:43][O:44][P:45]([O:46][P:47]([O:48][CH2:49][C:50]([CH3:51])([CH3:52])[CH:53]([C:54]([NH:55][CH2:56][CH2:57][C:58]([NH:59][CH2:60][CH2:61][S-:62])=[O:69])=[O:70])[OH:71])(=[O:72])[O-:73])(=[O:74])[O-:75])[CH:76]([O:77][P:78]([O-:79])([O-:80])=[O:81])[CH:82]1[OH:83].[CH2:1]([CH2:2][S:3][C:63]([CH2:64][C:65](=[O:66])[O-:67])=[O:68])[NH:4][C:5](=[O:6])[CH2:7][CH2:8][NH:9][C:10](=[O:11])[CH:12]([C:13]([CH2:14][O:15][P:16]([O:17][CH2:18][CH:19]([C:20]([*:21])=[O:22])[NH:23][*:24])(=[O:25])[O-:26])([CH3:27])[CH3:28])[OH:29],"3;62,63,68>>",malonyl-CoA-acyl carrier protein transacylase,P0AAI9,2.3.1.39
301,1,[OH2:1].[NH2:2][C:3](=[O:11])[CH2:4][CH2:5][CH:6]([NH3+:10])[C:7](=[O:9])[O-:8]>>[NH3:2].[OH:1][C:3]([CH2:4][CH2:5][CH:6]([C:7]([O-:8])=[O:9])[NH3+:10])=[O:11],"1;2,3,11>>",glutaminase,O31465,3.5.1.2
305,1,[CH2:7]=[C:3]([O:2][CH:1]1[CH:8]=[C:9]([C:10](=[O:12])[O-:11])[CH:13]=[CH:14][CH:15]1[NH2:16])[C:4](=[O:6])[O-:5]>>[O:2]=[C:3]([C:4]([O-:5])=[O:6])[CH3:7].[cH:1]1[cH:8][c:9]([C:10]([O-:11])=[O:12])[cH:13][cH:14][c:15]1[NH2:16],"1,2,3,7,15,16>>",aminodeoxychorismate lyase (class IV),P28305,4.1.3.38
305,2,[CH2:7]=[C:3]([O:2][CH:1]1[CH:8]=[C:9]([C:10](=[O:12])[O-:11])[CH:13]=[CH:14][CH:15]1[NH2:16])[C:4](=[O:6])[O-:5]>>[O:2]=[C:3]([C:4]([O-:5])=[O:6])[CH3:7].[cH:1]1[cH:8][c:9]([C:10]([O-:11])=[O:12])[cH:13][cH:14][c:15]1[NH2:16],"1,2,3,7,15,16>>",aminodeoxychorismate lyase (class IV),P28305,4.1.3.38
308,1,[OH:8][CH:7]1[CH2:9][O:10][CH:1]([OH:2])[CH:3]([OH:4])[CH:5]1[OH:6]>>[CH2:1]([OH:2])[C:3](=[O:4])[CH:5]([OH:6])[CH:7]([OH:8])[CH2:9][OH:10],"1,2,3,4,6,8,10>>",xylose isomerase (actinobacterial),P12070,5.3.1.5
308,2,[OH:8][CH:7]1[CH2:9][O:10][CH:1]([OH:2])[CH:3]([OH:4])[CH:5]1[OH:6]>>[CH2:1]([OH:2])[C:3](=[O:4])[CH:5]([OH:6])[CH:7]([OH:8])[CH2:9][OH:10],"1,2,3,4,6,8,10>>",xylose isomerase (actinobacterial),P12070,5.3.1.5
311,1,[O:11]=[C:1]([O-:10])[CH:2]([CH2:3][OH:4])[O:5][P:6](=[O:7])([O-:8])[O-:9]>>[C:1]([C:2](=[CH2:3])[O:5][P:6](=[O:7])([O-:8])[O-:9])([O-:10])=[O:11].[OH2:4],"1,2,3,4,9,10,11>>",phosphopyruvate hydratase,P00924,4.2.1.11
324,1,[O:10]=[C:1]([CH2:2][OH:3])[CH2:4][O:5][P:6](=[O:8])([O-:7])[O-:9]>>[CH:1]([CH:2]=[O:3])([CH2:4][O:5][P:6]([O-:7])(=[O:8])[O-:9])[OH:10],"1,2,3,10>>",triosephosphate isomerase,P00940,5.3.1.1
324,2,[O:10]=[C:1]([CH2:2][OH:3])[CH2:4][O:5][P:6](=[O:8])([O-:7])[O-:9]>>[CH:1]([CH:2]=[O:3])([CH2:4][O:5][P:6]([O-:7])(=[O:8])[O-:9])[OH:10],"1,2,3,10>>",triosephosphate isomerase,P00940,5.3.1.1
328,1,[O:7]=[C:5]([O-:6])[c:4]1[cH:8][cH:9][cH:10][cH:11][c:3]1[NH:2][CH:1]1[O:12][CH:13]([CH2:14][O:15][P:16](=[O:19])([O-:17])[O-:18])[CH:20]([OH:21])[CH:22]1[OH:23]>>[CH2:1]([NH:2][c:3]1[c:4]([C:5]([O-:6])=[O:7])[cH:8][cH:9][cH:10][cH:11]1)[C:22]([CH:20]([CH:13]([OH:12])[CH2:14][O:15][P:16]([O-:17])([O-:18])=[O:19])[OH:21])=[O:23],"1,2,12,22,23>>",phosphoribosylanthranilate isomerase,Q56320,5.3.1.24
333,1,[O:6]=[CH:5][CH:4]([OH:7])[CH2:3][O:2][P:1](=[O:9])([O-:8])[O-:10].[CH3:14][C:13](=[O:15])[C:11](=[O:16])[O-:12]>>[C:11](=[O:12])=[O:16].[P:1]([O:2][CH2:3][CH:4]([CH:5]([OH:6])[C:13]([CH3:14])=[O:15])[OH:7])([O-:8])(=[O:9])[O-:10],"5,6;11,12,13,15>>",1-deoxy-D-xylulose 5-phosphate synthase,Q9RUB5,2.2.1.7
337,1,[OH2:1].[*:6][NH:5][CH:4]([CH2:7][CH2:8][C:9](=[O:10])[O:11][CH3:12])[C:2]([*:13])=[O:3]>>[OH:11][CH3:12].[OH:1][C:9]([CH2:8][CH2:7][CH:4]([C:2](=[O:3])[*:13])[NH:5][*:6])=[O:10],"1;9,10,11>>",protein-glutamate methylesterase (CheB),P04042,3.1.1.61
341,1,[CH3:46][CH2:45][CH2:44][CH2:43][CH2:42][CH2:41][CH2:40][CH2:39][CH:38]=[CH:37][CH2:36][C:34](=[O:35])[S:33][CH2:32][CH2:31][NH:30][C:29](=[O:47])[CH2:28][CH2:27][NH:26][C:25](=[O:48])[CH:24]([OH:49])[C:21]([CH3:22])([CH3:23])[CH2:20][O:19][P:18](=[O:50])([O-:51])[O:17][P:16](=[O:52])([O-:53])[O:15][CH2:14][CH:13]1[O:12][CH:1]([n:2]2[cH:6][n:5][c:4]3[c:7]([NH2:8])[n:9][cH:10][n:11][c:3]32)[CH:60]([OH:61])[CH:54]1[O:55][P:56](=[O:59])([O-:57])[O-:58]>>[CH:1]1([n:2]2[c:3]3[c:4]([n:5][cH:6]2)[c:7]([NH2:8])[n:9][cH:10][n:11]3)[O:12][CH:13]([CH2:14][O:15][P:16]([O:17][P:18]([O:19][CH2:20][C:21]([CH3:22])([CH3:23])[CH:24]([C:25]([NH:26][CH2:27][CH2:28][C:29]([NH:30][CH2:31][CH2:32][S:33][C:34](=[O:35])[CH:36]=[CH:37][CH2:38][CH2:39][CH2:40][CH2:41][CH2:42][CH2:43][CH2:44][CH2:45][CH3:46])=[O:47])=[O:48])[OH:49])(=[O:50])[O-:51])(=[O:52])[O-:53])[CH:54]([O:55][P:56]([O-:57])([O-:58])=[O:59])[CH:60]1[OH:61],"34,35,36,37,38>>","3,2-trans-enoyl-CoA isomerase (mitochondrial)",P42126,5.3.3.8
344,1,[*:11][NH:10][CH:6]([CH2:1][CH2:2][CH2:3][CH2:4][NH3+:5])[C:7]([*:9])=[O:8].[CH3:47][C:45](=[O:46])[S:44][CH2:43][CH2:42][NH:41][C:40](=[O:48])[CH2:39][CH2:38][NH:37][C:36](=[O:49])[CH:35]([OH:50])[C:32]([CH3:33])([CH3:34])[CH2:31][O:30][P:29](=[O:51])([O-:52])[O:28][P:27](=[O:53])([O-:54])[O:26][CH2:25][CH:24]1[O:23][CH:12]([n:13]2[cH:17][n:16][c:15]3[c:18]([NH2:19])[n:20][cH:21][n:22][c:14]32)[CH:61]([OH:62])[CH:55]1[O:56][P:57](=[O:60])([O-:58])[O-:59]>>[CH2:1]([CH2:2][CH2:3][CH2:4][NH2+:5][C:45](=[O:46])[CH3:47])[CH:6]([C:7](=[O:8])[*:9])[NH:10][*:11].[CH:12]1([n:13]2[c:14]3[c:15]([n:16][cH:17]2)[c:18]([NH2:19])[n:20][cH:21][n:22]3)[O:23][CH:24]([CH2:25][O:26][P:27]([O:28][P:29]([O:30][CH2:31][C:32]([CH3:33])([CH3:34])[CH:35]([C:36]([NH:37][CH2:38][CH2:39][C:40]([NH:41][CH2:42][CH2:43][SH:44])=[O:48])=[O:49])[OH:50])(=[O:51])[O-:52])(=[O:53])[O-:54])[CH:55]([O:56][P:57]([O-:58])([O-:59])=[O:60])[CH:61]1[OH:62],"5;44,45,46>>",histone acetyltransferase (crotonase type),Q9Y232,2.3.1.48
347,1,[OH2:1].[CH3:46][O:45][c:44]1[cH:47][c:39]([CH:38]=[CH:37][C:35](=[O:36])[S:34][CH2:33][CH2:32][NH:31][C:30](=[O:48])[CH2:29][CH2:28][NH:27][C:26](=[O:49])[CH:25]([OH:50])[C:22]([CH3:23])([CH3:24])[CH2:21][O:20][P:19](=[O:51])([O-:52])[O:18][P:17](=[O:53])([O-:54])[O:16][CH2:15][CH:14]2[O:13][CH:2]([n:3]3[cH:7][n:6][c:5]4[c:8]([NH2:9])[n:10][cH:11][n:12][c:4]43)[CH:61]([OH:62])[CH:55]2[O:56][P:57](=[O:60])([O-:58])[O-:59])[cH:40][cH:41][c:42]1[O-:43]>>[O:1]=[CH:38][c:39]1[cH:40][cH:41][c:42]([O-:43])[c:44]([O:45][CH3:46])[cH:47]1.[CH:2]1([n:3]2[c:4]3[c:5]([n:6][cH:7]2)[c:8]([NH2:9])[n:10][cH:11][n:12]3)[O:13][CH:14]([CH2:15][O:16][P:17]([O:18][P:19]([O:20][CH2:21][C:22]([CH3:23])([CH3:24])[CH:25]([C:26]([NH:27][CH2:28][CH2:29][C:30]([NH:31][CH2:32][CH2:33][S:34][C:35](=[O:36])[CH3:37])=[O:48])=[O:49])[OH:50])(=[O:51])[O-:52])(=[O:53])[O-:54])[CH:55]([O:56][P:57]([O-:58])([O-:59])=[O:60])[CH:61]1[OH:62],"1;35,36,37,38,39,40,41,42,43>>",feruloyl CoA hydratase/lyase,O69762,4.-.-.-
349,2,[CH3:5][C:4]12[CH2:8][CH2:9][CH2:10][CH:3]1[CH:2]1[CH2:11][CH:12]=[C:13]3[CH2:20][C:18](=[O:19])[CH2:17][CH2:16][C:14]3([CH3:15])[CH:1]1[CH2:7][CH2:6]2>>[CH:1]12[CH:2]([CH:3]3[C:4]([CH3:5])([CH2:6][CH2:7]1)[CH2:8][CH2:9][CH2:10]3)[CH2:11][CH2:12][C:13]1=[CH:20][C:18](=[O:19])[CH2:17][CH2:16][C:14]21[CH3:15],"12,13,18,19,20>>",delta 5-3-ketosteroid isomerase,P07445,5.3.3.1
357,2,[cH:1]1[cH:2][cH:3][n:4][cH:5][cH:6]1.[CH3:21][c:20]1[n:19][cH:18][c:7]([CH2:8][n+:9]2[cH:10][s:11][c:12]([CH2:13][CH2:14][OH:15])[c:16]2[CH3:17])[c:23]([NH2:24])[n:22]1>>[n:9]1[cH:10][s:11][c:12]([CH2:13][CH2:14][OH:15])[c:16]1[CH3:17].[cH:1]1[cH:2][cH:3][n+:4]([CH2:8][c:7]2[cH:18][n:19][c:20]([CH3:21])[n:22][c:23]2[NH2:24])[cH:5][cH:6]1,"4;7,8,9,18>>",thiaminase (class 1),P45741,2.5.1.2
359,2,[CH3:3][C:1](=[O:2])[CH:4]=[O:5].[NH2:6][CH:7]([CH2:8][CH2:9][C:10](=[O:11])[NH:12][CH:13]([CH2:14][SH:15])[C:16](=[O:17])[NH:18][CH2:19][C:20](=[O:21])[OH:22])[C:23](=[O:24])[OH:25]>>[CH:1]([O-:2])([CH3:3])[C:4](=[O:5])[S:15][CH2:14][CH:13]([NH:12][C:10]([CH2:9][CH2:8][CH:7]([NH2:6])[C:23](=[O:24])[OH:25])=[O:11])[C:16](=[O:17])[NH:18][CH2:19][C:20](=[O:21])[OH:22],"1,2,4,5;15>>",lactoglutathione lyase,P0AC81,4.4.1.5
359,3,[CH3:3][C:1](=[O:2])[CH:4]=[O:5].[NH2:6][CH:7]([CH2:8][CH2:9][C:10](=[O:11])[NH:12][CH:13]([CH2:14][SH:15])[C:16](=[O:17])[NH:18][CH2:19][C:20](=[O:21])[OH:22])[C:23](=[O:24])[OH:25]>>[CH:1]([OH:2])([CH3:3])[C:4](=[O:5])[S:15][CH2:14][CH:13]([NH:12][C:10]([CH2:9][CH2:8][CH:7]([NH2:6])[C:23](=[O:24])[OH:25])=[O:11])[C:16](=[O:17])[NH:18][CH2:19][C:20](=[O:21])[OH:22],"1,2,4,5;15>>",lactoglutathione lyase,P0AC81,4.4.1.5
360,2,[NH3+:10][CH2:9][CH2:8][c:7]1[cH:11][nH:12][c:2]2[cH:1][cH:6][cH:5][cH:4][c:3]12.[CH2:18]=[CH:17][CH:16]1[CH:15]([O:14][CH:13]2[O:30][CH:31]([CH2:32][OH:33])[CH:34]([OH:35])[CH:36]([OH:37])[CH:38]2[OH:39])[O:29][CH:28]=[C:23]([C:24](=[O:27])[O:25][CH3:26])[CH:19]1[CH2:20][CH:21]=[O:22]>>[OH2:22].[cH:1]1[c:2]2[c:3]([cH:4][cH:5][cH:6]1)[c:7]1[c:11]([nH:12]2)[CH:21]([CH2:20][CH:19]2[CH:16]([CH:17]=[CH2:18])[CH:15]([O:14][CH:13]3[O:30][CH:31]([CH2:32][OH:33])[CH:34]([OH:35])[CH:36]([OH:37])[CH:38]3[OH:39])[O:29][CH:28]=[C:23]2[C:24]([O:25][CH3:26])=[O:27])[NH:10][CH2:9][CH2:8]1,"7,10,11;21,22>>",strictosidine synthase,P68175,4.3.3.2
363,2,[NH2:8][c:7]1[n:1][c:2]2[c:3]([c:4](=[O:5])[nH:6]1)[NH:9][CH:10]([CH2:11][N:12]([CH:31]=[O:32])[c:13]1[cH:14][cH:15][c:16]([C:17](=[O:18])[NH:19][CH:20]([CH2:24][CH2:25][C:26](=[O:27])[O-:28])[C:21](=[O:23])[O-:22])[cH:29][cH:30]1)[CH2:33][NH:34]2.[NH2:48][CH2:47][C:45](=[O:46])[NH:44][CH:43]1[O:42][CH:35]([CH2:36][O:37][P:38](=[O:39])([O-:40])[O-:41])[CH:51]([OH:52])[CH:49]1[OH:50]>>[n:1]1[c:2]2[c:3]([c:4](=[O:5])[nH:6][c:7]1[NH2:8])[NH:9][CH:10]([CH2:11][NH:12][c:13]1[cH:14][cH:15][c:16]([C:17](=[O:18])[NH:19][CH:20]([C:21]([O-:22])=[O:23])[CH2:24][CH2:25][C:26](=[O:27])[O-:28])[cH:29][cH:30]1)[CH2:33][NH:34]2.[CH:31](=[O:32])[NH:48][CH2:47][C:45]([NH:44][CH:43]1[O:42][CH:35]([CH2:36][O:37][P:38](=[O:39])([O-:40])[O-:41])[CH:51]([OH:52])[CH:49]1[OH:50])=[O:46],"12,31,32;48>>",glycinamide ribonucleotide transformylase,P08179,2.1.2.2
368,4,[O:7]=[c:6]1[cH:8][cH:9][n:2]([CH:1]2[O:10][CH:11]([CH2:12][O:13][P:14](=[O:32])([O-:31])[O:15][P:16](=[O:30])([O-:29])[O:17][CH:18]3[O:19][CH:20]([CH2:21][OH:22])[CH:23]([OH:24])[CH:25]([OH:26])[CH:27]3[OH:28])[CH:33]([OH:34])[CH:35]2[OH:36])[c:3](=[O:4])[nH:5]1>>[CH:1]1([n:2]2[c:3](=[O:4])[nH:5][c:6](=[O:7])[cH:8][cH:9]2)[O:10][CH:11]([CH2:12][O:13][P:14]([O:15][P:16]([O:17][CH:18]2[O:24][CH:23]([CH:20]([OH:19])[CH2:21][OH:22])[CH:25]([OH:26])[CH:27]2[OH:28])([O-:29])=[O:30])([O-:31])=[O:32])[CH:33]([OH:34])[CH:35]1[OH:36],"17,18,19,24>>",UDP-galactopyranose mutase,P37747,5.4.99.9
368,2,[O:7]=[c:6]1[cH:8][cH:9][n:2]([CH:1]2[O:10][CH:11]([CH2:12][O:13][P:14](=[O:32])([O-:31])[O:15][P:16](=[O:30])([O-:29])[O:17][CH:18]3[O:19][CH:20]([CH2:21][OH:22])[CH:23]([OH:24])[CH:25]([OH:26])[CH:27]3[OH:28])[CH:33]([OH:34])[CH:35]2[OH:36])[c:3](=[O:4])[nH:5]1>>[CH:1]1([n:2]2[c:3](=[O:4])[nH:5][c:6](=[O:7])[cH:8][cH:9]2)[O:10][CH:11]([CH2:12][O:13][P:14]([O:15][P:16]([O:17][CH:18]2[O:24][CH:23]([CH:20]([OH:19])[CH2:21][OH:22])[CH:25]([OH:26])[CH:27]2[OH:28])([O-:29])=[O:30])([O-:31])=[O:32])[CH:33]([OH:34])[CH:35]1[OH:36],"17,18,19,24>>",UDP-galactopyranose mutase,P37747,5.4.99.9
369,2,[CH2:7]=[C:3]([O:2][P:1](=[O:10])([O-:8])[O-:9])[C:4](=[O:6])[O-:5].[CH3:41][C:40](=[O:42])[NH:39][CH:38]1[CH:29]([O:28][P:26](=[O:43])([OH:27])[O:25][P:24](=[O:45])([OH:44])[O:23][CH2:22][CH:21]2[O:20][CH:11]([n:12]3[cH:19][cH:18][c:16](=[O:17])[nH:15][c:13]3=[O:14])[CH:48]([OH:49])[CH:46]2[OH:47])[O:30][CH:31]([CH2:32][OH:33])[CH:34]([OH:35])[CH:36]1[OH:37]>>[P:1]([OH:2])([O-:8])([O-:9])=[O:10].[C:3]([C:4]([O-:5])=[O:6])(=[CH2:7])[O:37][CH:36]1[CH:34]([OH:35])[CH:31]([CH2:32][OH:33])[O:30][CH:29]([O:28][P:26]([O:25][P:24]([O:23][CH2:22][CH:21]2[O:20][CH:11]([n:12]3[c:13](=[O:14])[nH:15][c:16](=[O:17])[cH:18][cH:19]3)[CH:48]([OH:49])[CH:46]2[OH:47])([OH:44])=[O:45])([OH:27])=[O:43])[CH:38]1[NH:39][C:40]([CH3:41])=[O:42],"2,3,7;37>>",UDP-N-acetylglucosamine enolpyruvyl transferase,P33038,2.5.1.7
388,1,[NH3+:5][CH:4]([CH2:6][C:7](=[O:8])[O-:9])[C:2](=[O:1])[O-:3]>>[O:1]=[C:2]([O-:3])[CH:4]([NH3+:5])[CH2:6][C:7](=[O:8])[O-:9],4>>,aspartate racemase (CT type),A0A0H3JGH6,5.1.1.13
388,1,[NH3+:5][CH:4]([CH2:6][C:7](=[O:8])[O-:9])[C:2](=[O:1])[O-:3]>>[O:1]=[C:2]([O-:3])[CH:4]([NH3+:5])[CH2:6][C:7](=[O:8])[O-:9],4>>,aspartate racemase (CT type),A0A0H3JGH6,5.1.1.13
455,3,[OH2:1].[NH2:8][C:7](=[O:9])[CH2:6][CH:5]([NH3+:10])[C:3](=[O:4])[O-:2]>>[OH:1][C:7]([CH2:6][CH:5]([C:3]([O-:2])=[O:4])[NH3+:10])=[O:9].[NH3:8],"1;7,8,9>>",asparaginase,P00805,3.5.1.1
468,2,[CH3:7][CH:3]([C:4](=[O:6])[O-:5])[CH:2]([NH3+:8])[C:1](=[O:10])[O-:9]>>[C:1]([CH:2]=[C:3]([C:4]([O-:5])=[O:6])[CH3:7])([O-:9])=[O:10].[NH3:8],"2,3,4,5,6,8>>",methylaspartate ammonia-lyase,Q05514,4.3.1.2
488,1,[CH3:10][CH:9]1[O:11][CH:1]([OH:2])[CH:3]([OH:4])[CH:5]([OH:6])[CH:7]1[OH:8]>>[CH2:1]([O-:2])[C:3](=[O:4])[CH:5]([OH:6])[CH:7]([OH:8])[CH:9]([CH3:10])[OH:11],"1,2,3,4,6,11>>",L-rhamnose isomerase,P32170,5.3.1.14
488,2,[CH3:10][CH:9]1[O:11][CH:1]([OH:2])[CH:3]([OH:4])[CH:5]([OH:6])[CH:7]1[OH:8]>>[CH2:1]([OH:2])[C:3](=[O:4])[CH:5]([OH:6])[CH:7]([OH:8])[CH:9]([CH3:10])[OH:11],"1,2,3,4,6,11>>",L-rhamnose isomerase,P32170,5.3.1.14
493,3,[*:20][O:19][CH:18]1[CH:11]([CH2:12][O:13][P:14]([*:17])(=[O:15])[O-:16])[O:10][CH:9]([n:8]2[cH:1][cH:2][c:3](=[O:4])[nH:5][c:6]2=[O:7])[CH:21]1[OH:22]>>[cH:1]1[c:2]([CH:9]2[O:10][CH:11]([CH2:12][O:13][P:14](=[O:15])([O-:16])[*:17])[CH:18]([O:19][*:20])[CH:21]2[OH:22])[c:3](=[O:4])[nH:5][c:6](=[O:7])[nH:8]1,"1,2,8,9,21>>",tRNA pseudouridine38-40 synthase,P07649,5.4.99.12
493,1,[*:20][O:19][CH:18]1[CH:11]([CH2:12][O:13][P:14]([*:17])(=[O:15])[O-:16])[O:10][CH:9]([n:8]2[cH:1][cH:2][c:3](=[O:4])[nH:5][c:6]2=[O:7])[CH:21]1[OH:22]>>[cH:1]1[c:2]([CH:9]2[O:10][CH:11]([CH2:12][O:13][P:14](=[O:15])([O-:16])[*:17])[CH:18]([O:19][*:20])[CH:21]2[OH:22])[c:3](=[O:4])[nH:5][c:6](=[O:7])[nH:8]1,"1,2,3,4,8,9,10>>",tRNA pseudouridine38-40 synthase,P07649,5.4.99.12
493,2,[*:20][O:19][CH:18]1[CH:11]([CH2:12][O:13][P:14]([*:17])(=[O:15])[O-:16])[O:10][CH:9]([n:8]2[cH:1][cH:2][c:3](=[O:4])[nH:5][c:6]2=[O:7])[CH:21]1[OH:22]>>[cH:1]1[c:2]([CH:9]2[O:10][CH:11]([CH2:12][O:13][P:14](=[O:15])([O-:16])[*:17])[CH:18]([O:19][*:20])[CH:21]2[OH:22])[c:3](=[O:4])[nH:5][c:6](=[O:7])[nH:8]1,"1,2,8,9>>",tRNA pseudouridine38-40 synthase,P07649,5.4.99.12
499,1,[CH3:46][CH2:45][CH2:44][CH2:43][CH2:42][CH2:41][CH2:40][CH2:39][CH:38]=[CH:37][CH2:36][C:34](=[O:35])[S:33][CH2:32][CH2:31][NH:30][C:29](=[O:47])[CH2:28][CH2:27][NH:26][C:25](=[O:48])[CH:24]([OH:49])[C:21]([CH3:22])([CH3:23])[CH2:20][O:19][P:18](=[O:50])([O-:51])[O:17][P:16](=[O:52])([O-:53])[O:15][CH2:14][CH:13]1[O:12][CH:1]([n:2]2[cH:6][n:5][c:4]3[c:7]([NH2:8])[n:9][cH:10][n:11][c:3]32)[CH:60]([OH:61])[CH:54]1[O:55][P:56](=[O:59])([O-:57])[O-:58]>>[CH:1]1([n:2]2[c:3]3[c:4]([n:5][cH:6]2)[c:7]([NH2:8])[n:9][cH:10][n:11]3)[O:12][CH:13]([CH2:14][O:15][P:16]([O:17][P:18]([O:19][CH2:20][C:21]([CH3:22])([CH3:23])[CH:24]([C:25]([NH:26][CH2:27][CH2:28][C:29]([NH:30][CH2:31][CH2:32][S:33][C:34](=[O:35])[CH:36]=[CH:37][CH2:38][CH2:39][CH2:40][CH2:41][CH2:42][CH2:43][CH2:44][CH2:45][CH3:46])=[O:47])=[O:48])[OH:49])(=[O:50])[O-:51])(=[O:52])[O-:53])[CH:54]([O:55][P:56]([O-:57])([O-:58])=[O:59])[CH:60]1[OH:61],"34,35,36,37,38>>","3,2-trans-enoyl-CoA isomerase (peroxisomal)",Q05871,5.3.3.8
523,1,[OH2:1].[*:6][NH:5][CH:4]([CH2:7][S:8][C:9](=[O:10])[CH2:11][CH2:12][CH2:13][CH2:14][CH2:15][CH2:16][CH2:17][CH2:18][CH2:19][CH2:20][CH2:21][CH2:22][CH2:23][CH2:24][CH3:25])[C:3]([*:2])=[O:26]>>[*:2][C:3]([CH:4]([NH:5][*:6])[CH2:7][SH:8])=[O:26].[OH:1][C:9](=[O:10])[CH2:11][CH2:12][CH2:13][CH2:14][CH2:15][CH2:16][CH2:17][CH2:18][CH2:19][CH2:20][CH2:21][CH2:22][CH2:23][CH2:24][CH3:25],"1;8,9,10>>",palmitoyl[protein] hydrolase (type 2),Q9UMR5,3.1.2.22
524,1,[*:11][NH:10][CH:6]([CH2:1][CH2:2][CH2:3][CH2:4][NH2:5])[C:7]([*:9])=[O:8].[CH3:47][C:45](=[O:46])[S:44][CH2:43][CH2:42][NH:41][C:40](=[O:48])[CH2:39][CH2:38][NH:37][C:36](=[O:49])[CH:35]([OH:50])[C:32]([CH3:33])([CH3:34])[CH2:31][O:30][P:29](=[O:51])([O-:52])[O:28][P:27](=[O:53])([O-:54])[O:26][CH2:25][CH:24]1[O:23][CH:12]([n:13]2[cH:17][n:16][c:15]3[c:18]([NH2:19])[n:20][cH:21][n:22][c:14]32)[CH:61]([OH:62])[CH:55]1[O:56][P:57](=[O:60])([O-:58])[O-:59]>>[CH2:1]([CH2:2][CH2:3][CH2:4][NH:5][C:45](=[O:46])[CH3:47])[CH:6]([C:7](=[O:8])[*:9])[NH:10][*:11].[CH:12]1([n:13]2[c:14]3[c:15]([n:16][cH:17]2)[c:18]([NH2:19])[n:20][cH:21][n:22]3)[O:23][CH:24]([CH2:25][O:26][P:27]([O:28][P:29]([O:30][CH2:31][C:32]([CH3:33])([CH3:34])[CH:35]([C:36]([NH:37][CH2:38][CH2:39][C:40]([NH:41][CH2:42][CH2:43][SH:44])=[O:48])=[O:49])[OH:50])(=[O:51])[O-:52])(=[O:53])[O-:54])[CH:55]([O:56][P:57]([O-:58])([O-:59])=[O:60])[CH:61]1[OH:62],"5;44,45,46>>",histone acetyltransferase (GCN5 family),Q92830,2.3.1.48
525,2,[*:11][NH:10][CH:6]([CH2:1][CH2:2][CH2:3][CH2:4][NH2:5])[C:7]([*:9])=[O:8].[CH3:47][C:45](=[O:46])[S:44][CH2:43][CH2:42][NH:41][C:40](=[O:48])[CH2:39][CH2:38][NH:37][C:36](=[O:49])[CH:35]([OH:50])[C:32]([CH3:33])([CH3:34])[CH2:31][O:30][P:29](=[O:51])([O-:52])[O:28][P:27](=[O:53])([O-:54])[O:26][CH2:25][CH:24]1[O:23][CH:12]([n:13]2[cH:17][n:16][c:15]3[c:18]([NH2:19])[n:20][cH:21][n:22][c:14]32)[CH:61]([OH:62])[CH:55]1[O:56][P:57](=[O:60])([O-:58])[O-:59]>>[CH2:1]([CH2:2][CH2:3][CH2:4][NH:5][C:45](=[O:46])[CH3:47])[CH:6]([C:7](=[O:8])[*:9])[NH:10][*:11].[CH:12]1([n:13]2[c:14]3[c:15]([n:16][cH:17]2)[c:18]([NH2:19])[n:20][cH:21][n:22]3)[O:23][CH:24]([CH2:25][O:26][P:27]([O:28][P:29]([O:30][CH2:31][C:32]([CH3:33])([CH3:34])[CH:35]([C:36]([NH:37][CH2:38][CH2:39][C:40]([NH:41][CH2:42][CH2:43][SH:44])=[O:48])=[O:49])[OH:50])(=[O:51])[O-:52])(=[O:53])[O-:54])[CH:55]([O:56][P:57]([O-:58])([O-:59])=[O:60])[CH:61]1[OH:62],"5;44,45,46>>",histone acetyltransferase (MYST family),Q08649,2.3.1.48
550,1,[O:6]=[CH:5][CH:4]([OH:7])[CH2:3][O:2][P:1](=[O:9])([O-:8])[O-:10].[CH3:14][C:13](=[O:15])[C:11](=[O:16])[O-:12]>>[P:1]([O:2][CH2:3][CH:4]([CH:5]([OH:6])[CH2:14][C:13]([C:11]([O-:12])=[O:16])=[O:15])[OH:7])([O-:8])(=[O:9])[O-:10],"5,6;13,14,15>>",2-dehydro-3-deoxy-phosphogluconate aldolase,P0A955,4.1.2.14
557,1,[NH2:4][c:3]1[n:2][cH:1][n:40][c:6]2[c:5]1[n:39][cH:38][n:7]2[CH:8]1[O:37][CH:13]([CH2:14][O:15][P:16](=[O:35])([O-:36])[O:17][P:18](=[O:33])([O-:34])[O:19][CH:20]2[O:21][CH:22]([CH:23]([OH:26])[CH2:24][OH:25])[CH:27]([OH:28])[CH:29]([OH:30])[CH:31]2[OH:32])[CH:11]([OH:12])[CH:9]1[OH:10]>>[cH:1]1[n:2][c:3]([NH2:4])[c:5]2[c:6]([n:7]([CH:8]3[CH:9]([OH:10])[CH:11]([OH:12])[CH:13]([CH2:14][O:15][P:16]([O:17][P:18]([O:19][CH:20]4[O:21][CH:22]([CH:23]([CH2:24][OH:25])[OH:26])[CH:27]([OH:28])[CH:29]([OH:30])[CH:31]4[OH:32])(=[O:33])[O-:34])(=[O:35])[O-:36])[O:37]3)[cH:38][n:39]2)[n:40]1,"23,26>>",ADP-glyceromanno-heptose 6-epimerase,P67910,5.1.3.20
557,1,[NH2:4][c:3]1[n:2][cH:1][n:40][c:6]2[c:5]1[n:39][cH:38][n:7]2[CH:8]1[O:37][CH:13]([CH2:14][O:15][P:16](=[O:35])([O-:36])[O:17][P:18](=[O:33])([O-:34])[O:19][CH:20]2[O:21][CH:22]([CH:23]([OH:26])[CH2:24][OH:25])[CH:27]([OH:28])[CH:29]([OH:30])[CH:31]2[OH:32])[CH:11]([OH:12])[CH:9]1[OH:10]>>[cH:1]1[n:2][c:3]([NH2:4])[c:5]2[c:6]([n:7]([CH:8]3[CH:9]([OH:10])[CH:11]([OH:12])[CH:13]([CH2:14][O:15][P:16]([O:17][P:18]([O:19][CH:20]4[O:21][CH:22]([CH:23]([CH2:24][OH:25])[OH:26])[CH:27]([OH:28])[CH:29]([OH:30])[CH:31]4[OH:32])(=[O:33])[O-:34])(=[O:35])[O-:36])[O:37]3)[cH:38][n:39]2)[n:40]1,"23,26>>",ADP-glyceromanno-heptose 6-epimerase,P67910,5.1.3.20
582,1,[OH:22][CH2:21][CH:20]1[O:23][CH:13]([O:12][C:9]2([CH2:10][OH:11])[O:8][CH:5]([CH2:6][OH:7])[CH:3]([OH:4])[CH:1]2[OH:2])[CH:14]([OH:15])[CH:16]([OH:17])[CH:18]1[OH:19]>>[CH:1]1([OH:2])[CH:3]([OH:4])[CH:5]([CH2:6][O:7][CH:13]2[CH:14]([OH:15])[CH:16]([OH:17])[CH:18]([OH:19])[CH:20]([CH2:21][OH:22])[O:23]2)[O:8][C:9]1([CH2:10][OH:11])[OH:12],"7,12,13>>",isomaltulose synthase,Q8KR84,5.4.99.11
594,1,[OH2:1].[*:14][NH:13][CH:5]([CH2:6][CH2:7][CH2:8][NH:9][C:10]([NH2:12])=[NH2+:11])[C:3]([*:4])=[O:2]>>[NH3:11].[O:1]=[C:10]([NH:9][CH2:8][CH2:7][CH2:6][CH:5]([C:3](=[O:2])[*:4])[NH:13][*:14])[NH2:12],"1;10,11,12>>",protein-arginine deiminase,Q9UM07,3.5.3.15
595,1,[NH2:1][CH:2]([CH2:3][c:4]1[cH:5][cH:6][cH:7][cH:8][cH:9]1)[C:10](=[O:23])[NH:11][CH:12]([CH2:16][c:17]1[cH:18][cH:19][cH:20][cH:21][cH:22]1)[C:13](=[O:14])[OH:15].[OH2:24]>>[NH2:1][CH:2]([CH2:3][c:4]1[cH:5][cH:6][cH:7][cH:8][cH:9]1)[C:10](=[O:23])[OH:24].[NH2:11][CH:12]([C:13](=[O:14])[OH:15])[CH2:16][c:17]1[cH:18][cH:19][cH:20][cH:21][cH:22]1,"10,11,23;24>>",scytalidopepsin B,P15369,3.4.23.32
602,1,[CH3:49][CH2:48][CH:47]([OH:50])[CH:46]([CH3:51])[CH:45]([OH:52])[CH:44]([CH3:53])[C:43](=[O:54])[CH:42]([CH3:55])[CH2:41][CH:40]([CH3:56])[CH:39]([OH:57])[CH:38]([CH3:58])[CH:37]([OH:59])[CH:35]([CH3:36])[C:34](=[O:60])[S:33][CH2:32][CH2:31][NH:30][C:29](=[O:61])[CH2:28][CH2:27][NH:26][C:25](=[O:62])[CH:24]([OH:63])[C:21]([CH3:22])([CH3:23])[CH2:20][O:19][P:18](=[O:64])([O-:65])[O:17][P:16](=[O:66])([O-:67])[O:15][CH2:14][CH:13]1[O:12][CH:1]([n:2]2[cH:6][n:5][c:4]3[c:7]([NH2:8])[n:9][cH:10][n:11][c:3]32)[CH:74]([OH:75])[CH:68]1[O:69][P:70](=[O:73])([O-:71])[O-:72]>>[CH:1]1([n:2]2[c:3]3[c:4]([n:5][cH:6]2)[c:7]([NH2:8])[n:9][cH:10][n:11]3)[O:12][CH:13]([CH2:14][O:15][P:16]([O:17][P:18]([O:19][CH2:20][C:21]([CH3:22])([CH3:23])[CH:24]([C:25]([NH:26][CH2:27][CH2:28][C:29]([NH:30][CH2:31][CH2:32][SH:33])=[O:61])=[O:62])[OH:63])(=[O:64])[O-:65])(=[O:66])[O-:67])[CH:68]([O:69][P:70]([O-:71])([O-:72])=[O:73])[CH:74]1[OH:75].[C:34]1(=[O:60])[CH:35]([CH3:36])[CH:37]([OH:59])[CH:38]([CH3:58])[CH:39]([OH:57])[CH:40]([CH3:56])[CH2:41][CH:42]([CH3:55])[C:43](=[O:54])[CH:44]([CH3:53])[CH:45]([OH:52])[CH:46]([CH3:51])[CH:47]([CH2:48][CH3:49])[O:50]1,"33,34,50,60>>",6-deoxyerythronolide-B synthase,Q03133,2.3.1.94
609,1,[OH2:1].[CH3:6][CH:4]([NH2:5])[C:2](=[O:3])[NH:7][CH:8]([CH2:12][OH:13])[C:9](=[O:10])[OH:11]>>[NH2:7][CH:8]([C:9](=[O:10])[OH:11])[CH2:12][OH:13].[OH:1][C:2](=[O:3])[CH:4]([NH2:5])[CH3:6],"1;2,3,7>>",alpha-lytic endopeptidase,P00778,3.4.21.12
613,1,[O:6]=[CH:5][CH:4]([OH:7])[CH2:3][O:2][P:1](=[O:9])([O-:8])[O-:10].[CH3:13][CH:12]=[O:11]>>[P:1]([O:2][CH2:3][CH:4]([CH:5]([OH:6])[CH2:13][CH:12]=[O:11])[OH:7])([O-:8])(=[O:9])[O-:10],"5,6;11,12,13>>",deoxyribose-phosphate aldolase,P0A6L0,4.1.2.4
629,1,[CH3:36][C:34](=[O:35])[S:33][CH2:32][CH2:31][NH:30][C:29](=[O:37])[CH2:28][CH2:27][NH:26][C:25](=[O:38])[CH:24]([OH:39])[C:21]([CH3:22])([CH3:23])[CH2:20][O:19][P:18](=[O:40])([O-:41])[O:17][P:16](=[O:42])([O-:43])[O:15][CH2:14][CH:13]1[O:12][CH:1]([n:2]2[cH:6][n:5][c:4]3[c:7]([NH2:8])[n:9][cH:10][n:11][c:3]32)[CH:50]([OH:51])[CH:44]1[O:45][P:46](=[O:49])([O-:47])[O-:48].[CH3:60][N+:59]([CH3:61])([CH3:62])[CH2:52][CH:53]([O-:58])[CH2:54][C:55](=[O:57])[O-:56]>>[CH:1]1([n:2]2[c:3]3[c:4]([n:5][cH:6]2)[c:7]([NH2:8])[n:9][cH:10][n:11]3)[O:12][CH:13]([CH2:14][O:15][P:16]([O:17][P:18]([O:19][CH2:20][C:21]([CH3:22])([CH3:23])[CH:24]([C:25]([NH:26][CH2:27][CH2:28][C:29]([NH:30][CH2:31][CH2:32][S-:33])=[O:37])=[O:38])[OH:39])(=[O:40])[O-:41])(=[O:42])[O-:43])[CH:44]([O:45][P:46]([O-:47])([O-:48])=[O:49])[CH:50]1[OH:51].[C:34](=[O:35])([CH3:36])[O:58][CH:53]([CH2:52][N+:59]([CH3:60])([CH3:61])[CH3:62])[CH2:54][C:55]([O-:56])=[O:57],"33,34,35;58>>",carnitine O-acetyltransferase,P47934,2.3.1.7
630,1,[OH-:1].[O:11]=[C:10]1[CH2:12][CH:2]([C:3](=[O:4])[O-:5])[NH:6][C:7](=[O:8])[NH:9]1>>[O-:1][C:10](=[O:11])[CH2:12][CH:2]([C:3](=[O:4])[O-:5])[NH:6][C:7](=[O:8])[NH2:9],"1;9,10,11>>",dihydroorotase,P05020,3.5.2.3
646,1,[NH2:19][C:18](=[O:20])[c:17]1[n:21][cH:22][n:1]([CH:2]2[O:3][CH:4]([CH2:5][O:6][P:7](=[O:9])([O-:8])[O-:10])[CH:11]([OH:12])[CH:13]2[OH:14])[c:15]1[NH2:16].[NH2:30][c:29]1[n:23][c:24]2[c:25]([c:26](=[O:27])[nH:28]1)[NH:31][CH:32]([CH2:33][N:34]([CH:53]=[O:54])[c:35]1[cH:36][cH:37][c:38]([C:39](=[O:40])[NH:41][CH:42]([CH2:46][CH2:47][C:48](=[O:49])[O-:50])[C:43](=[O:45])[O-:44])[cH:51][cH:52]1)[CH2:55][NH:56]2>>[n:1]1([CH:2]2[O:3][CH:4]([CH2:5][O:6][P:7]([O-:8])(=[O:9])[O-:10])[CH:11]([OH:12])[CH:13]2[OH:14])[c:15]([NH:16][CH:53]=[O:54])[c:17]([C:18]([NH2:19])=[O:20])[n:21][cH:22]1.[n:23]1[c:24]2[c:25]([c:26](=[O:27])[nH:28][c:29]1[NH2:30])[NH:31][CH:32]([CH2:33][NH:34][c:35]1[cH:36][cH:37][c:38]([C:39](=[O:40])[NH:41][CH:42]([C:43]([O-:44])=[O:45])[CH2:46][CH2:47][C:48](=[O:49])[O-:50])[cH:51][cH:52]1)[CH2:55][NH:56]2,"16;34,53,54>>",phosphoribosylaminoimidazolecarboxamide formyltransferase,P31939,2.1.2.3
666,1,[OH2:1].[*:8][O:2][C:3](=[O:7])[CH:4]([*:6])[NH3+:5]>>[OH:2][*:8].[OH:1][C:3]([CH:4]([NH3+:5])[*:6])=[O:7],"1;2,3,7>>",alpha-amino-acid esterase,Q6YBS3,3.1.1.43
671,1,[OH2:1].[*:10][CH:5]([NH:6][C:7]([NH2:9])=[O:8])[C:2](=[O:4])[O-:3]>>[NH3:9].[O:1]=[C:7]=[O:8].[C:2]([O-:3])(=[O:4])[CH:5]([NH2:6])[*:10],"1;6,7,8,9>>",N-carbamoyl-D-amino-acid hydrolase,Q44185,3.5.1.77
676,1,[OH2:1].[CH3:11][CH:9]([NH2:10])[C:7](=[O:8])[NH:6][CH:5]([CH3:12])[C:3](=[O:2])[OH:4]>>[O:2]=[C:3]([OH:4])[CH:5]([NH2:6])[CH3:12].[OH:1][C:7](=[O:8])[CH:9]([NH2:10])[CH3:11],"1;6,7,8>>",D-stereospecific aminopeptidase (peptidase S58 family),Q59632,3.4.11.19
680,1,[O:1]=[CH:2][CH:3]([OH:14])[CH:4]([OH:5])[CH:6]([OH:7])[CH2:8][O:9][P:10](=[O:11])([O-:12])[O-:13]>>[OH:1][CH2:2][C:3]([CH:4]([OH:5])[CH:6]([OH:7])[CH2:8][O:9][P:10](=[O:11])([O-:12])[O-:13])=[O:14],"1,2,3,14>>",ribose-5-phosphate isomerase,P37351,5.3.1.6
688,2,[OH2:1].[NH:18]=[C:17]([NH2:19])[NH:16][CH2:15][CH2:14][CH2:13][CH:3]([NH2:2])[C:4](=[O:12])[NH:5][CH:6]([CH2:10][OH:11])[C:7](=[O:9])[OH:8]>>[NH2:5][CH:6]([C:7]([OH:8])=[O:9])[CH2:10][OH:11].[OH:1][C:4]([CH:3]([NH2:2])[CH2:13][CH2:14][CH2:15][NH:16][C:17](=[NH:18])[NH2:19])=[O:12],"1;4,5,12>>",classical-complement-pathway C3/C5 convertase,Q5JP69,3.4.21.43
689,1,[O:15]=[C:14]([O-:16])[CH2:13][CH2:12][C:11](=[O:17])[C:10]1=[CH:9][CH:8]=[CH:7][CH:5]([OH:6])[CH:1]1[C:2](=[O:4])[O-:3]>>[c:1]1([C:2]([O-:3])=[O:4])[cH:5][cH:7][cH:8][cH:9][c:10]1[C:11]([CH2:12][CH2:13][C:14](=[O:15])[O-:16])=[O:17].[OH2:6],"1,2,3,4,5,6>>",o-succinylbenzoate synthase,P29208,4.2.1.113
704,1,[*:29][NH:28][CH:24]([CH2:1][CH2:2][CH2:3][CH2:4][NH:5][C:6](=[O:23])[CH2:7][CH2:8][CH2:9][CH2:10][CH:11]([SH:22])[CH2:12][CH2:13][S:14][C:15](=[O:21])[CH2:16][CH2:17][C:18](=[O:20])[O-:19])[C:25]([*:27])=[O:26].[CH3:51][C:50]([CH3:52])([CH2:49][O:48][P:47](=[O:66])([O-:67])[O:46][P:45](=[O:68])([O-:69])[O:44][CH2:43][CH:42]1[O:41][CH:30]([n:31]2[cH:35][n:34][c:33]3[c:36]([NH2:37])[n:38][cH:39][n:40][c:32]32)[CH:76]([OH:77])[CH:70]1[O:71][P:72](=[O:75])([O-:73])[O-:74])[CH:53]([OH:65])[C:54](=[O:64])[NH:55][CH2:56][CH2:57][C:58](=[O:63])[NH:59][CH2:60][CH2:61][S-:62]>>[CH2:1]([CH2:2][CH2:3][CH2:4][NH:5][C:6]([CH2:7][CH2:8][CH2:9][CH2:10][CH:11]([CH2:12][CH2:13][S-:14])[SH:22])=[O:23])[CH:24]([C:25](=[O:26])[*:27])[NH:28][*:29].[C:15]([CH2:16][CH2:17][C:18]([O-:19])=[O:20])(=[O:21])[S:62][CH2:61][CH2:60][NH:59][C:58]([CH2:57][CH2:56][NH:55][C:54]([CH:53]([C:50]([CH2:49][O:48][P:47]([O:46][P:45]([O:44][CH2:43][CH:42]1[O:41][CH:30]([n:31]2[c:32]3[c:33]([n:34][cH:35]2)[c:36]([NH2:37])[n:38][cH:39][n:40]3)[CH:76]([OH:77])[CH:70]1[O:71][P:72]([O-:73])([O-:74])=[O:75])(=[O:68])[O-:69])(=[O:66])[O-:67])([CH3:51])[CH3:52])[OH:65])=[O:64])=[O:63],"14,15,21;62>>",dihydrolipoyllysine-residue succinyltransferase,P0AFG6,2.3.1.61
705,1,[OH2:1].[*:11][O:10][CH:9]1[O:12][CH:13]([CH3:14])[CH:15]([OH:16])[CH:17]([OH:18])[CH:8]1[O:7][CH:6]1[O:19][CH:20]([C:21](=[O:23])[OH:22])[CH:24]([O:25][*:26])[CH:3]([O:2][C:27]([CH3:29])=[O:28])[CH:4]1[OH:5]>>[OH:2][CH:3]1[CH:4]([OH:5])[CH:6]([O:7][CH:8]2[CH:9]([O:10][*:11])[O:12][CH:13]([CH3:14])[CH:15]([OH:16])[CH:17]2[OH:18])[O:19][CH:20]([C:21]([OH:22])=[O:23])[CH:24]1[O:25][*:26].[OH:1][C:27](=[O:28])[CH3:29],"1;2,27,28>>",rhamnogalacturonan acetylesterase,Q00017,3.1.1.86
708,2,[NH2:3][CH:2]([CH2:1][c:7]1[cH:8][cH:9][cH:10][cH:11][cH:12]1)[C:4](=[O:6])[O-:5]>>[CH:1](=[CH:2][C:4]([O-:5])=[O:6])[c:7]1[cH:8][cH:9][cH:10][cH:11][cH:12]1.[NH3:3],"1,2,3>>",phenylalanine ammonia-lyase,P24481,4.3.1.24
708,1,[NH3+:3][CH:2]([CH2:1][c:7]1[cH:8][cH:9][cH:10][cH:11][cH:12]1)[C:4](=[O:6])[O-:5]>>[CH:1](=[CH:2][C:4]([O-:5])=[O:6])[c:7]1[cH:8][cH:9][cH:10][cH:11][cH:12]1.[NH4+:3],"1,2,3,7,8>>",phenylalanine ammonia-lyase,P24481,4.3.1.24
710,1,[OH-:1].[NH2:9][c:8]1[cH:7][cH:6][nH:5][c:3](=[O:4])[nH+:2]1>>[NH3:9].[O:1]=[c:8]1[nH:2][c:3](=[O:4])[nH:5][cH:6][cH:7]1,"1;2,8,9>>",cytosine deaminase (bacterial),P25524,3.5.4.1
718,1,[OH2:1].[NH2:5][CH:4]([CH2:6][C:7](=[O:9])[O-:8])[C:2](=[O:3])[NH:10][CH2:11][C:12](=[O:13])[OH:14]>>[NH2:10][CH2:11][C:12](=[O:13])[OH:14].[OH:1][C:2](=[O:3])[CH:4]([NH2:5])[CH2:6][C:7]([O-:8])=[O:9],"1;2,3,10>>",caspase-1,P29466,3.4.22.36
722,1,[CH3:6][C:4](=[O:5])[C:1](=[O:3])[O-:2].[CH3:10][C:9](=[O:11])[C:7](=[O:12])[O-:8]>>[C:7](=[O:8])=[O:12].[C:1]([O-:2])(=[O:3])[C:4]([OH:5])([CH3:6])[C:9]([CH3:10])=[O:11],"4,5;7,8,9,11>>",acetolactate synthase (catabolic),P27696,2.2.1.6
724,1,[OH2:1].[CH3:11][CH:3]([NH2:2])[C:4](=[O:5])[NH:6][CH2:7][C:8](=[O:9])[OH:10]>>[NH2:6][CH2:7][C:8](=[O:9])[OH:10].[OH:1][C:4]([CH:3]([NH2:2])[CH3:11])=[O:5],"1;4,5,6>>",repressor LexA,P0A7C2,3.4.21.88
730,1,[OH2:1].[NH2:2][CH:3]([CH2:4][CH2:5][O:6][P:7](=[O:9])([O-:8])[O-:10])[C:11](=[O:13])[O-:12]>>[O-:6][P:7]([O-:8])(=[O:9])[OH:10].[OH:1][CH:4]([CH:3]([NH2:2])[C:11]([O-:12])=[O:13])[CH3:5],"1;2,3,4,5,6,10>>",threonine synthase,P16120,4.2.3.1
731,1,[OH2:1].[CH3:26][CH2:25][CH2:24][CH2:2][CH2:3][CH:4]=[CH:5][CH2:6][CH:7]=[CH:8][CH2:9][CH:10]=[CH:11][CH2:12][CH:13]=[CH:14][CH2:15][CH2:16][CH2:17][C:18](=[O:23])[NH:19][CH2:20][CH2:21][OH:22]>>[NH2:19][CH2:20][CH2:21][OH:22].[OH:1][C:18]([CH2:17][CH2:16][CH2:15][CH:14]=[CH:13][CH2:12][CH:11]=[CH:10][CH2:9][CH:8]=[CH:7][CH2:6][CH:5]=[CH:4][CH2:3][CH2:2][CH2:24][CH2:25][CH3:26])=[O:23],"1;18,19,23>>",fatty acid amide hydrolase,P97612,3.5.1.99
733,1,[OH2:1].[CH3:9][O:8][C:7](=[O:10])[CH:6]([CH3:11])[CH2:5][S:4][C:3]([CH3:2])=[O:12]>>[OH:8][CH3:9].[OH:1][C:7]([CH:6]([CH2:5][S:4][C:3]([CH3:2])=[O:12])[CH3:11])=[O:10],"1;7,8,10>>",esterase,Q3HWU8,3.1.1.-
736,1,[O:8]=[P:7]([O-:9])([O-:10])[O:6][CH2:5][CH:4]1[O:3][CH:1]([OH:2])[CH:15]([OH:16])[CH:13]([OH:14])[CH:11]1[OH:12]>>[CH2:1]([OH:2])[C:15]1([OH:16])[O:3][CH:4]([CH2:5][O:6][P:7](=[O:8])([O-:9])[O-:10])[CH:11]([OH:12])[CH:13]1[OH:14],"1,2,3,15,16>>",mannose-6-phosphate isomerase,Q8ZWV0,5.3.1.8
759,1,[NH3+:5][CH:2]([CH2:3][S-:4])[C:1](=[O:7])[O-:6].[NH2:16][CH:12]([CH2:11][CH2:10][O:9][C:8](=[O:22])[CH2:17][CH2:18][C:19](=[O:20])[O-:21])[C:13](=[O:15])[O-:14]>>[C:8]([OH:9])([CH2:17][CH2:18][C:19](=[O:20])[O-:21])=[O:22].[C:1]([CH:2]([CH2:3][S:4][CH2:10][CH2:11][CH:12]([C:13]([O-:14])=[O:15])[NH2:16])[NH3+:5])([O-:6])=[O:7],"4;9,10,11,12,16>>",cystathionine gamma-synthase,P00935,2.5.1.48
781,2,[*:10][P:7](=[O:8])([O-:9])[O:6][CH2:5][CH:4]1[O:3][CH:2]([n:1]2[cH:28][n:27][c:26]3[c:24]([NH2:25])[n:23][cH:22][n:21][c:20]32)[CH:18]([OH:19])[CH:11]1[O:12][C:13](=[O:17])[CH:14]([CH3:15])[NH3+:16].[CH3:58][C:57](=[O:59])[NH:56][CH:55]1[CH:29]([O:30][P:31](=[O:32])([O-:54])[O:33][P:34](=[O:35])([O-:53])[O:36][CH2:37][CH:38]2[O:39][CH:40]([n:41]3[cH:48][cH:47][c:45](=[O:46])[nH:44][c:42]3=[O:43])[CH:49]([OH:50])[CH:51]2[OH:52])[O:105][CH:102]([CH2:103][OH:104])[CH:100]([OH:101])[CH:60]1[O:61][CH:62]([CH3:99])[C:63](=[O:98])[NH:64][CH:65]([CH3:66])[C:67](=[O:68])[NH:69][CH:70]([CH2:74][CH2:75][C:76](=[O:97])[NH:77][CH:78]([CH2:92][CH2:93][CH2:94][CH2:95][NH2:96])[C:79](=[O:80])[NH:81][CH:82]([CH3:91])[C:83](=[O:84])[NH:85][CH:86]([CH3:87])[C:88](=[O:89])[O-:90])[C:71](=[O:72])[O-:73]>>[n:1]1([CH:2]2[O:3][CH:4]([CH2:5][O:6][P:7](=[O:8])([O-:9])[*:10])[CH:11]([OH:12])[CH:18]2[OH:19])[c:20]2[n:21][cH:22][n:23][c:24]([NH2:25])[c:26]2[n:27][cH:28]1.[C:13]([CH:14]([CH3:15])[NH3+:16])(=[O:17])[NH:96][CH2:95][CH2:94][CH2:93][CH2:92][CH:78]([NH:77][C:76]([CH2:75][CH2:74][CH:70]([NH:69][C:67]([CH:65]([NH:64][C:63]([CH:62]([O:61][CH:60]1[CH:55]([NH:56][C:57]([CH3:58])=[O:59])[CH:29]([O:30][P:31](=[O:32])([O:33][P:34](=[O:35])([O:36][CH2:37][CH:38]2[O:39][CH:40]([n:41]3[c:42](=[O:43])[nH:44][c:45](=[O:46])[cH:47][cH:48]3)[CH:49]([OH:50])[CH:51]2[OH:52])[O-:53])[O-:54])[O:105][CH:102]([CH2:103][OH:104])[CH:100]1[OH:101])[CH3:99])=[O:98])[CH3:66])=[O:68])[C:71](=[O:72])[O-:73])=[O:97])[C:79](=[O:80])[NH:81][CH:82]([C:83](=[O:84])[NH:85][CH:86]([CH3:87])[C:88](=[O:89])[O-:90])[CH3:91],"12,13,17,19;96>>",UDP-N-acetylmuramoylpentapeptide-lysine N6-alanyltransferase,Q9EY50,2.3.2.10
781,1,[*:10][P:7](=[O:8])([O-:9])[O:6][CH2:5][CH:4]1[O:3][CH:2]([n:1]2[cH:28][n:27][c:26]3[c:24]([NH2:25])[n:23][cH:22][n:21][c:20]32)[CH:18]([OH:19])[CH:11]1[O:12][C:13](=[O:17])[CH:14]([CH3:15])[NH3+:16].[CH3:58][C:57](=[O:59])[NH:56][CH:55]1[CH:29]([O:30][P:31](=[O:32])([O-:54])[O:33][P:34](=[O:35])([O-:53])[O:36][CH2:37][CH:38]2[O:39][CH:40]([n:41]3[cH:48][cH:47][c:45](=[O:46])[nH:44][c:42]3=[O:43])[CH:49]([OH:50])[CH:51]2[OH:52])[O:105][CH:102]([CH2:103][OH:104])[CH:100]([OH:101])[CH:60]1[O:61][CH:62]([CH3:99])[C:63](=[O:98])[NH:64][CH:65]([CH3:66])[C:67](=[O:68])[NH:69][CH:70]([CH2:74][CH2:75][C:76](=[O:97])[NH:77][CH:78]([CH2:92][CH2:93][CH2:94][CH2:95][NH2:96])[C:79](=[O:80])[NH:81][CH:82]([CH3:91])[C:83](=[O:84])[NH:85][CH:86]([CH3:87])[C:88](=[O:89])[O-:90])[C:71](=[O:72])[O-:73]>>[n:1]1([CH:2]2[O:3][CH:4]([CH2:5][O:6][P:7](=[O:8])([O-:9])[*:10])[CH:11]([OH:12])[CH:18]2[OH:19])[c:20]2[n:21][cH:22][n:23][c:24]([NH2:25])[c:26]2[n:27][cH:28]1.[C:13]([CH:14]([CH3:15])[NH3+:16])(=[O:17])[NH:96][CH2:95][CH2:94][CH2:93][CH2:92][CH:78]([NH:77][C:76]([CH2:75][CH2:74][CH:70]([NH:69][C:67]([CH:65]([NH:64][C:63]([CH:62]([O:61][CH:60]1[CH:55]([NH:56][C:57]([CH3:58])=[O:59])[CH:29]([O:30][P:31](=[O:32])([O:33][P:34](=[O:35])([O:36][CH2:37][CH:38]2[O:39][CH:40]([n:41]3[c:42](=[O:43])[nH:44][c:45](=[O:46])[cH:47][cH:48]3)[CH:49]([OH:50])[CH:51]2[OH:52])[O-:53])[O-:54])[O:105][CH:102]([CH2:103][OH:104])[CH:100]1[OH:101])[CH3:99])=[O:98])[CH3:66])=[O:68])[C:71](=[O:72])[O-:73])=[O:97])[C:79](=[O:80])[NH:81][CH:82]([C:83](=[O:84])[NH:85][CH:86]([CH3:87])[C:88](=[O:89])[O-:90])[CH3:91],"12,13,17;96>>",UDP-N-acetylmuramoylpentapeptide-lysine N6-alanyltransferase,Q9EY50,2.3.2.10
789,1,[OH2:1].[NH2:10][CH2:9][CH2:8][CH2:7][CH2:6][CH:4]([NH2:5])[C:2](=[O:3])[NH:11][CH2:12][C:13](=[O:14])[OH:15]>>[NH2:11][CH2:12][C:13](=[O:14])[OH:15].[OH:1][C:2](=[O:3])[CH:4]([NH2:5])[CH2:6][CH2:7][CH2:8][CH2:9][NH2:10],"1;2,3,11>>",ubiquitinyl hydrolase 1 (peptidase C19 type),"P0CG48, Q93009",3.4.19.12
798,1,[OH2:1].[CH3:11][CH:10]([CH3:12])[CH:6]([NH:5][C:4](=[O:13])[CH:3]([NH2:2])[CH2:14][CH2:15][CH2:16][NH:17][C:18](=[NH:19])[NH2:20])[C:7](=[O:9])[OH:8]>>[NH2:5][CH:6]([C:7]([OH:8])=[O:9])[CH:10]([CH3:11])[CH3:12].[OH:1][C:4]([CH:3]([NH2:2])[CH2:14][CH2:15][CH2:16][NH:17][C:18](=[NH:19])[NH2:20])=[O:13],"1;4,5,13>>",t-plasminogen activator,P00750,3.4.21.68
810,1,[OH2:1].[O:12]=[P:9]([O-:10])([O-:11])[O:8][CH2:7][CH:6]1[O:13][C:14]([CH2:15][OH:16])([O:17][P:18](=[O:19])([O-:20])[O-:21])[CH:2]([OH:3])[CH:4]1[OH:5]>>[CH:2]1([OH:3])[CH:4]([OH:5])[CH:6]([CH2:7][O:8][P:9]([O-:10])([O-:11])=[O:12])[O:13][C:14]1([CH2:15][OH:16])[OH:17].[OH:1][P:18](=[O:19])([O-:20])[O-:21],"1;17,18,19>>","fructose-2,6-bisphosphate 2-phosphatase",P25114,3.1.3.46
830,1,[OH2:1].[NH2:10][CH2:9][CH2:8][CH2:7][CH2:6][CH:4]([NH2:5])[C:2](=[O:3])[NH:11][CH2:12][C:13](=[O:14])[OH:15]>>[NH2:11][CH2:12][C:13](=[O:14])[OH:15].[OH:1][C:2](=[O:3])[CH:4]([NH2:5])[CH2:6][CH2:7][CH2:8][CH2:9][NH2:10],"1;2,3,11>>",ubiquitinyl hydrolase 1 (peptidase C30 type),P0C6X7,3.4.19.12
842,1,[O:10]=[P:9]([O-:11])([O-:12])[O:8][CH2:7][CH:6]1[O:5][CH:3]([OH:4])[CH:1]([OH:2])[CH:15]([OH:16])[CH:13]1[OH:14]>>[C:1]1([OH:2])([CH2:3][OH:4])[O:5][CH:6]([CH2:7][O:8][P:9](=[O:10])([O-:11])[O-:12])[CH:13]([OH:14])[CH:15]1[OH:16],"1,2,3,4,5>>",glucose-6-phosphate isomerase,Q9N1E2,5.3.1.9
861,1,[O:2]=[C:1]1[O:3][CH:4]([C:5](=[O:7])[O-:6])[CH:8]([OH:9])[CH:10]([OH:11])[CH:12]1[OH:13]>>[C:1]1(=[O:2])[O:9][CH:8]([CH:4]([OH:3])[C:5]([O-:6])=[O:7])[CH:10]([OH:11])[CH:12]1[OH:13],"1,2,3,9>>",D-galactarolactone isomerase,A9CEQ7,5.4.1.4
866,1,[OH2:1].[CH3:24][C:23](=[O:25])[O:22][CH2:21][C:20]1=[C:26]([C:27](=[O:29])[O-:28])[N:2]2[C:16](=[O:17])[CH:4]([NH:5][C:6](=[O:15])[CH2:7][CH2:8][CH2:9][CH:10]([NH3+:14])[C:11](=[O:13])[O-:12])[CH:3]2[S:18][CH2:19]1>>[N:2]12[CH:3]([CH:4]([NH:5][C:6]([CH2:7][CH2:8][CH2:9][CH:10]([C:11]([O-:12])=[O:13])[NH3+:14])=[O:15])[C:16]1=[O:17])[S:18][CH2:19][C:20]([CH2:21][OH:22])=[C:26]2[C:27]([O-:28])=[O:29].[OH:1][C:23]([CH3:24])=[O:25],"1;22,23,25>>",cephalosporin-C deacetylase,P94388,3.1.1.41
874,1,[O:15]=[C:13]([O-:14])[CH2:1][CH:2]([CH:3]=[CH:4][C:5](=[O:9])[C:6](=[O:8])[O-:7])[C:10](=[O:11])[O-:12]>>[CH2:1]([C:2](=[CH:3][CH:4]=[C:5]([C:6]([O-:7])=[O:8])[OH:9])[C:10](=[O:11])[O-:12])[C:13]([O-:14])=[O:15],"2,3,4,5,9,10,11>>",5-carboxymethyl-2-hydroxymuconate Delta-isomerase,Q05354,5.3.3.10
880,1,[O:8]=[P:7]([O-:9])([O-:10])[O:6][CH2:5][CH:4]1[O:3][CH:1]([OH:2])[CH:15]([OH:16])[CH:13]([OH:14])[CH:11]1[OH:12]>>[CH2:1]([OH:2])[C:15]1([OH:16])[O:3][CH:4]([CH2:5][O:6][P:7](=[O:8])([O-:9])[O-:10])[CH:11]([OH:12])[CH:13]1[OH:14],"1,2,3,15,16>>",mannose-6-phosphate isomerase (type I),P34948,5.3.1.8
917,1,[OH-:1].[CH3:8][S:7][CH2:6][CH2:5][CH:4]([NH2:9])[C:2](=[O:3])[NH:10][CH:11]([CH3:15])[C:12](=[O:13])[OH:14]>>[OH:1][C:2](=[O:3])[CH:4]([CH2:5][CH2:6][S:7][CH3:8])[NH2:9].[NH2:10][CH:11]([C:12](=[O:13])[OH:14])[CH3:15],"1;2,3,9,10>>",methionyl aminopeptidase,P56218,3.4.11.18
957,1,[CH3:15][CH:13]([NH3+:14])[C:11](=[O:12])[NH:10][CH:6]([CH2:5][CH2:4][C:2](=[O:3])[O-:1])[C:7](=[O:8])[O-:9]>>[O-:1][C:2](=[O:3])[CH2:4][CH2:5][CH:6]([C:7](=[O:8])[O-:9])[NH:10][C:11](=[O:12])[CH:13]([NH3+:14])[CH3:15],"6,7,8,9>>",L-Ala-D/L-Glu epimerase,O34508,5.1.1.20
957,1,[CH3:15][CH:13]([NH3+:14])[C:11](=[O:12])[NH:10][CH:6]([CH2:5][CH2:4][C:2](=[O:3])[O-:1])[C:7](=[O:8])[O-:9]>>[O-:1][C:2](=[O:3])[CH2:4][CH2:5][CH:6]([C:7](=[O:8])[O-:9])[NH:10][C:11](=[O:12])[CH:13]([NH3+:14])[CH3:15],"6,7,8,9>>",L-Ala-D/L-Glu epimerase,O34508,5.1.1.20
961,1,[CH3:6][CH:5]([OH:7])[CH:4]([OH:8])[CH:3]([OH:9])[CH:2]([OH:10])[C:1](=[O:11])[O-:12]>>[OH2:9].[C:1]([C:2]([CH2:3][CH:4]([CH:5]([CH3:6])[OH:7])[OH:8])=[O:10])([O-:11])=[O:12],"1,2,3,9,10,11,12>>",L-fuconate dehydratase,Q8P3K2,4.2.1.68
972,1,[*:30][NH:29][CH:25]([CH2:24][O:23][P:22](=[O:31])([O-:32])[O:21][CH2:20][C:19]([CH3:33])([CH3:34])[CH:18]([OH:35])[C:16](=[O:17])[NH:15][CH2:14][CH2:13][C:11](=[O:12])[NH:10][CH2:1][CH2:2][S:3][C:4](=[O:9])[CH2:5][CH:6]([*:7])[OH:8])[C:26]([*:27])=[O:28]>>[CH2:1]([CH2:2][S:3][C:4]([CH:5]=[CH:6][*:7])=[O:9])[NH:10][C:11](=[O:12])[CH2:13][CH2:14][NH:15][C:16](=[O:17])[CH:18]([C:19]([CH2:20][O:21][P:22]([O:23][CH2:24][CH:25]([C:26]([*:27])=[O:28])[NH:29][*:30])(=[O:31])[O-:32])([CH3:33])[CH3:34])[OH:35].[OH2:8],"4,5,6,8,9>>",3-hydroxydecanoyl-[acyl-carrier-protein] dehydratase,A5YV76,4.2.1.59
983,1,[O:12]=[C:10]([OH:11])[C:9]1([OH:13])[CH:8]=[CH:7][c:6]2[cH:1][cH:2][cH:3][cH:4][c:5]2[O:14]1>>[cH:1]1[cH:2][cH:3][cH:4][c:5]([OH:14])[c:6]1[CH:7]=[CH:8][C:9]([C:10]([OH:11])=[O:12])=[O:13],"7,8,9,13,14>>",2-hydroxychromene-2-carboxylate isomerase,Q51948,5.99.1.4
992,1,[O:7]=[C:6]([O-:8])[c:5]1[c:3]([O-:4])[cH:2][cH:1][cH:11][c:9]1[OH:10]>>[cH:1]1[cH:2][c:3]([O-:4])[cH:5][c:9]([OH:10])[cH:11]1.[C:6](=[O:7])=[O:8],"3,4,5,6,8>>",Resorcylate decarboxylase,Q12BV1,4.1.1.103
997,1,[O:4]=[C:3]([OH:5])[c:2]1[cH:1][c:9]([C:10](=[O:11])[OH:12])[c:8]2[c:7]([n:6]1)[C:23](=[O:24])[C:21](=[O:22])[c:14]1[cH:15][c:16]([C:17](=[O:18])[OH:19])[nH:20][c:13]1-2.[CH3:25][OH:26]>>[cH:1]1[c:2]([C:3](=[O:4])[OH:5])[n:6][c:7]2[c:8]([c:9]1[C:10](=[O:11])[OH:12])[c:13]1[c:14]([cH:15][c:16]([C:17](=[O:18])[OH:19])[nH:20]1)[c:21]([OH:22])[c:23]2[O-:24].[CH2:25]=[O:26],"4,6,21,22,23,24;25,26>>",lanthanide-dependent methanol dehydrogenase,I0JWN7,1.1.2.10
997,3,[O:4]=[C:3]([OH:5])[c:2]1[cH:1][c:9]([C:10](=[O:11])[OH:12])[c:8]2[c:7]([n:6]1)[C:23](=[O:24])[C:21](=[O:22])[c:14]1[cH:15][c:16]([C:17](=[O:18])[OH:19])[nH:20][c:13]1-2.[CH3:25][OH:26]>>[cH:1]1[c:2]([C:3](=[O:4])[OH:5])[n:6][c:7]2[c:8]([c:9]1[C:10](=[O:11])[OH:12])[c:13]1[c:14]([cH:15][c:16]([C:17](=[O:18])[OH:19])[nH:20]1)[c:21]([OH:22])[c:23]2[OH:24].[CH2:25]=[O:26],"4,6,21,22,23,24;25,26>>",lanthanide-dependent methanol dehydrogenase,I0JWN7,1.1.2.10
1001,1,[NH2:8][CH2:7][C:6](=[O:9])[N:5]1[CH2:10][CH2:11][CH2:12][CH:4]1[C:2](=[O:3])[OH:1].[OH-:13]>>[OH:1][C:2](=[O:3])[CH:4]1[NH:5][CH2:10][CH2:11][CH2:12]1.[C:6]([CH2:7][NH2:8])(=[O:9])[OH:13],"5,6,8,9;13>>",Prolidase (Xaa-Pro dipeptidase),P12955,3.4.13.9
1003,1,[NH3+:5][CH:4]([CH2:6][C:7](=[O:8])[O-:9])[C:2](=[O:1])[O-:3]>>[O:1]=[C:2]([O-:3])[CH:4]=[CH:6][C:7](=[O:8])[O-:9].[NH4+:5],"4,5,6,7,8>>",Aspartate Ammonia Lyase,Q9LCC6,4.3.1.1
